date;q;k;etat_trafic;nb_mesures
2017-01-01;668.26;4.43;FLUIDE;75026
2017-01-02;708.71;4.9;FLUIDE;78288
2017-01-03;776.47;5.8;FLUIDE;78288
2017-01-04;796.52;6.24;FLUIDE;78288
2017-01-05;702.7750000000001;5.275;FLUIDE;78288
2017-01-06;852.76;7.19;FLUIDE;78288
2017-01-07;755.46;5.94;FLUIDE;78288
2017-01-08;709.78;4.86;FLUIDE;78288
2017-01-09;789.31;6.36;FLUIDE;78288
2017-01-10;813.05;7.25;FLUIDE;78288
2017-01-11;811.01;7.32;FLUIDE;78288
2017-01-12;772.0250000000001;6.460000000000001;FLUIDE;78288
2017-01-13;846.38;7.65;FLUIDE;78279
2017-01-14;780.77;5.96;FLUIDE;78264
2017-01-15;701.63;5.08;FLUIDE;78264
2017-01-16;783.14;6.19;FLUIDE;78264
2017-01-17;805.97;7.48;FLUIDE;78264
2017-01-18;836.29;7.67;FLUIDE;78264
2017-01-19;772.3050000000001;6.210000000000001;FLUIDE;78264
2017-01-20;873.32;8.01;FLUIDE;78264
2017-01-21;805.68;6.41;FLUIDE;78264
2017-01-22;745.16;5.42;FLUIDE;78264
2017-01-23;794.78;6.4;FLUIDE;78264
2017-01-24;813.05;6.92;FLUIDE;78264
2017-01-25;828.65;7.35;FLUIDE;78264
2017-01-26;760.8;6.24;FLUIDE;78264
2017-01-27;863.13;8.33;FLUIDE;78264
2017-01-28;803.25;6.46;FLUIDE;78264
2017-01-29;736.63;5.41;FLUIDE;78264
2017-01-30;787.07;7.03;FLUIDE;78264
2017-01-31;805.3;7.85;FLUIDE;78264
2017-02-01;743.865;5.79;FLUIDE;78264
2017-02-02;784.855;6.275;FLUIDE;78264
2017-02-03;862.1;8.07;FLUIDE;78264
2017-02-04;773.88;5.87;FLUIDE;78264
2017-02-05;710.33;4.92;FLUIDE;78264
2017-02-06;776.02;5.82;FLUIDE;78264
2017-02-07;787.52;7.04;FLUIDE;78264
2017-02-08;829.81;6.8;FLUIDE;78264
2017-02-09;793.985;5.67;FLUIDE;78264
2017-02-10;839.19;7.21;FLUIDE;78264
2017-02-11;762.99;5.79;FLUIDE;78264
2017-02-12;700.8;4.87;FLUIDE;78264
2017-02-13;779.22;6.01;FLUIDE;78264
2017-02-14;808.65;6.77;FLUIDE;78264
2017-02-15;836.65;7.45;FLUIDE;78264
2017-02-16;760.2950000000001;6.0;FLUIDE;78264
2017-02-17;848.6;7.14;FLUIDE;78264
2017-02-18;778.95;6.16;FLUIDE;78264
2017-02-19;731.42;5.15;FLUIDE;78264
2017-02-20;795.37;6.36;FLUIDE;78264
2017-02-21;828.48;7.48;FLUIDE;78264
2017-02-22;846.89;7.81;FLUIDE;78264
2017-02-23;776.005;6.305000000000001;FLUIDE;78264
2017-02-24;880.56;8.48;FLUIDE;78264
2017-02-25;818.79;6.75;FLUIDE;78264
2017-02-26;754.85;5.51;FLUIDE;78264
2017-02-27;794.54;7.15;FLUIDE;78264
2017-02-28;824.2;8.06;FLUIDE;78264
2017-03-01;747.22;6.555;FLUIDE;78264
2017-03-02;756.47;6.35;FLUIDE;78264
2017-03-03;880.21;8.31;FLUIDE;78264
2017-03-04;784.64;6.73;FLUIDE;78264
2017-03-05;714.16;5.53;FLUIDE;78264
2017-03-06;776.32;6.91;FLUIDE;78264
2017-03-07;797.65;7.48;FLUIDE;78264
2017-03-08;813.24;7.72;FLUIDE;78264
2017-03-09;817.22;6.33;FLUIDE;78264
2017-03-10;861.8;7.88;FLUIDE;78264
2017-03-11;796.3;6.09;FLUIDE;78264
2017-03-12;736.65;5.16;FLUIDE;78264
2017-03-13;799.56;6.56;FLUIDE;78264
2017-03-14;818.37;7.82;FLUIDE;78264
2017-03-15;835.52;7.27;FLUIDE;78264
2017-03-16;785.965;6.32;FLUIDE;78264
2017-03-17;873.85;8.03;FLUIDE;78264
2017-03-18;776.34;6.19;FLUIDE;78264
2017-03-19;727.97;5.37;FLUIDE;78264
2017-03-20;804.63;6.54;FLUIDE;78264
2017-03-21;824.73;7.5;FLUIDE;78264
2017-03-22;842.38;7.78;FLUIDE;78264
2017-03-23;768.52;6.484999999999999;FLUIDE;78264
2017-03-24;858.77;8.04;FLUIDE;78264
2017-03-25;810.17;6.38;FLUIDE;78264
2017-03-26;775.4;5.43;FLUIDE;78264
2017-03-27;818.98;6.88;FLUIDE;78264
2017-03-28;843.23;7.52;FLUIDE;78264
2017-03-29;862.02;7.87;FLUIDE;78264
2017-03-30;807.0799999999999;6.914999999999999;FLUIDE;78264
2017-03-31;886.23;8.19;FLUIDE;78264
2017-04-01;816.3;5.86;FLUIDE;78264
2017-04-02;756.56;5.23;FLUIDE;78264
2017-04-03;800.14;6.68;FLUIDE;78264
2017-04-04;818.44;7.04;FLUIDE;78264
2017-04-05;832.9;7.01;FLUIDE;78264
2017-04-06;795.19;5.98;FLUIDE;78264
2017-04-07;865.95;7.41;FLUIDE;78264
2017-04-08;793.46;5.93;FLUIDE;78264
2017-04-09;723.26;5.15;FLUIDE;78264
2017-04-10;793.65;5.88;FLUIDE;78264
2017-04-11;795.74;6.33;FLUIDE;78264
2017-04-12;818.85;6.66;FLUIDE;78264
2017-04-13;793.2;5.94;FLUIDE;78264
2017-04-14;831.08;7.07;FLUIDE;78264
2017-04-15;730.13;5.27;FLUIDE;78264
2017-04-16;675.2;4.66;FLUIDE;78264
2017-04-17;620.03;3.91;FLUIDE;78264
2017-04-18;812.24;6.87;FLUIDE;78264
2017-04-19;840.87;7.85;FLUIDE;78264
2017-04-20;794.0550000000001;6.65;FLUIDE;78264
2017-04-21;878.06;8.3;FLUIDE;78264
2017-04-22;799.13;6.26;FLUIDE;78264
2017-04-23;747.96;5.36;FLUIDE;78264
2017-04-24;815.94;7.02;FLUIDE;78264
2017-04-25;814.14;7.97;FLUIDE;78264
2017-04-26;813.59;8.36;FLUIDE;78264
2017-04-27;807.2650000000001;6.74;FLUIDE;78264
2017-04-28;857.54;8.88;FLUIDE;78264
2017-04-29;778.76;5.81;FLUIDE;78264
2017-04-30;704.98;4.95;FLUIDE;78264
2017-05-01;611.9300000000001;3.7800000000000002;FLUIDE;78264
2017-05-02;807.64;7.38;FLUIDE;78264
2017-05-03;799.37;8.09;FLUIDE;78264
2017-05-04;740.44;6.09;FLUIDE;78264
2017-05-05;867.51;8.23;FLUIDE;78264
2017-05-06;758.4;5.99;FLUIDE;78264
2017-05-07;708.16;5.02;FLUIDE;78264
2017-05-08;659.15;4.42;FLUIDE;78264
2017-05-09;808.28;7.82;FLUIDE;78264
2017-05-10;819.97;8.2;FLUIDE;78264
2017-05-11;770.315;6.625;FLUIDE;78264
2017-05-12;835.44;8.68;FLUIDE;78264
2017-05-13;799.57;6.27;FLUIDE;78264
2017-05-14;726.06;5.24;FLUIDE;78264
2017-05-15;815.77;7.16;FLUIDE;78264
2017-05-16;835.15;8.33;FLUIDE;78264
2017-05-17;860.37;8.58;FLUIDE;78264
2017-05-18;785.495;7.145;FLUIDE;78264
2017-05-19;856.92;9.0;FLUIDE;78264
2017-05-20;802.32;6.44;FLUIDE;78264
2017-05-21;756.16;5.39;FLUIDE;78264
2017-05-22;818.85;6.84;FLUIDE;78264
2017-05-23;841.51;7.96;FLUIDE;78264
2017-05-24;941.68;10.84;FLUIDE;78264
2017-05-25;759.885;5.1;FLUIDE;78264
2017-05-26;765.1;5.65;FLUIDE;78264
2017-05-27;694.21;4.53;FLUIDE;78264
2017-05-28;687.84;4.31;FLUIDE;78264
2017-05-29;823.48;6.98;FLUIDE;78276
2017-05-30;826.72;7.85;FLUIDE;78312
2017-05-31;823.26;7.03;FLUIDE;78312
2017-06-01;774.28;5.57;FLUIDE;78312
2017-06-02;858.22;8.01;FLUIDE;78312
2017-06-03;735.96;5.8;FLUIDE;78312
2017-06-04;676.96;4.57;FLUIDE;78312
2017-06-05;708.08;4.69;FLUIDE;78312
2017-06-06;814.22;8.62;FLUIDE;78312
2017-06-07;842.5;8.44;FLUIDE;78312
2017-06-08;811.4749999999999;6.88;FLUIDE;78312
2017-06-09;876.33;8.77;FLUIDE;78312
2017-06-10;802.74;6.06;FLUIDE;78312
2017-06-11;758.54;5.2;FLUIDE;78312
2017-06-12;827.37;7.55;FLUIDE;78312
2017-06-13;845.55;7.88;FLUIDE;78312
2017-06-14;862.18;8.13;FLUIDE;78312
2017-06-15;817.31;7.01;FLUIDE;78312
2017-06-16;885.48;8.93;FLUIDE;78312
2017-06-17;796.74;5.94;FLUIDE;78312
2017-06-18;762.33;5.2;FLUIDE;78312
2017-06-19;832.04;7.42;FLUIDE;78312
2017-06-20;834.72;8.34;FLUIDE;78312
2017-06-21;862.41;8.56;FLUIDE;78312
2017-06-22;847.99;7.105;FLUIDE;78312
2017-06-23;863.02;9.02;FLUIDE;78312
2017-06-24;762.24;6.19;FLUIDE;78312
2017-06-25;755.68;5.26;FLUIDE;78312
2017-06-26;842.94;7.42;FLUIDE;78312
2017-06-27;854.68;9.46;FLUIDE;75049
2017-06-28;849.52;9.21;FLUIDE;78318
2017-06-29;833.675;7.8149999999999995;FLUIDE;78336
2017-06-30;858.74;9.36;FLUIDE;78336
2017-07-01;801.495;6.125;FLUIDE;78336
2017-07-02;738.39;5.47;FLUIDE;78336
2017-07-03;830.82;7.43;FLUIDE;78336
2017-07-04;850.8;8.38;FLUIDE;78336
2017-07-05;859.81;8.73;FLUIDE;78336
2017-07-06;832.155;7.550000000000001;FLUIDE;78336
2017-07-07;870.29;8.27;FLUIDE;78207
2017-07-08;796.41;6.01;FLUIDE;78072
2017-07-09;731.49;5.23;FLUIDE;78072
2017-07-10;780.0;8.01;FLUIDE;78072
2017-07-11;795.63;7.58;FLUIDE;78072
2017-07-12;837.3;8.27;FLUIDE;78072
2017-07-13;798.95;6.654999999999999;FLUIDE;78072
2017-07-14;621.06;4.01;FLUIDE;78072
2017-07-15;700.66;4.83;FLUIDE;78072
2017-07-16;667.28;4.18;FLUIDE;78072
2017-07-17;790.91;6.95;FLUIDE;78072
2017-07-18;789.84;7.54;FLUIDE;78072
2017-07-19;794.69;7.41;FLUIDE;78072
2017-07-20;770.5799999999999;6.35;FLUIDE;78072
2017-07-21;824.43;7.36;FLUIDE;78072
2017-07-22;731.2;5.45;FLUIDE;78072
2017-07-23;644.74;4.61;FLUIDE;78072
2017-07-24;758.45;6.45;FLUIDE;78072
2017-07-25;775.71;7.0;FLUIDE;78072
2017-07-26;791.6;7.17;FLUIDE;78072
2017-07-27;746.3900000000001;5.545;FLUIDE;78072
2017-07-28;808.21;6.51;FLUIDE;78072
2017-07-29;704.2;4.86;FLUIDE;78072
2017-07-30;661.11;4.4;FLUIDE;78072
2017-07-31;728.21;5.42;FLUIDE;78072
2017-08-01;630.1;4.34;FLUIDE;78072
2017-08-02;723.73;5.61;FLUIDE;78072
2017-08-03;687.06;5.295;FLUIDE;78072
2017-08-04;721.4;5.39;FLUIDE;78072
2017-08-05;633.89;4.26;FLUIDE;78072
2017-08-06;557.47;3.66;FLUIDE;78072
2017-08-07;549.11;4.06;FLUIDE;78072
2017-08-08;623.12;4.59;FLUIDE;78072
2017-08-09;626.46;4.61;FLUIDE;78072
2017-08-10;575.835;4.025;FLUIDE;78072
2017-08-11;645.2;4.28;FLUIDE;78072
2017-08-12;565.85;3.62;FLUIDE;78072
2017-08-13;511.31;3.15;FLUIDE;78072
2017-08-14;583.58;3.55;FLUIDE;78072
2017-08-15;491.53;2.98;FLUIDE;78072
2017-08-16;636.93;4.01;FLUIDE;78072
2017-08-17;551.87;3.53;FLUIDE;78072
2017-08-18;641.84;4.29;FLUIDE;78072
2017-08-19;590.05;3.76;FLUIDE;78072
2017-08-20;561.76;3.38;FLUIDE;78072
2017-08-21;626.92;4.01;FLUIDE;78072
2017-08-22;667.03;4.5;FLUIDE;78072
2017-08-23;673.54;4.68;FLUIDE;78072
2017-08-24;666.0450000000001;4.39;FLUIDE;78072
2017-08-25;717.45;5.15;FLUIDE;78072
2017-08-26;674.95;4.22;FLUIDE;78072
2017-08-27;642.15;3.89;FLUIDE;78072
2017-08-28;750.62;5.24;FLUIDE;78072
2017-08-29;772.25;5.73;FLUIDE;78072
2017-08-30;782.24;6.54;FLUIDE;78072
2017-08-31;726.4;5.635;FLUIDE;78072
2017-09-01;764.8399999999999;5.325;FLUIDE;78072
2017-09-02;702.78;4.89;FLUIDE;78072
2017-09-03;666.45;4.41;FLUIDE;78072
2017-09-04;749.37;5.57;FLUIDE;78072
2017-09-05;789.0;6.62;FLUIDE;78072
2017-09-06;807.41;7.23;FLUIDE;78072
2017-09-07;740.9;5.905;FLUIDE;78072
2017-09-08;825.21;8.03;FLUIDE;78072
2017-09-09;745.77;5.94;FLUIDE;78072
2017-09-10;719.29;5.11;FLUIDE;78072
2017-09-11;779.36;7.02;FLUIDE;78072
2017-09-12;746.04;7.79;FLUIDE;78072
2017-09-13;786.02;8.6;FLUIDE;78072
2017-09-14;722.8199999999999;6.535;FLUIDE;78066
2017-09-15;829.34;8.51;FLUIDE;78048
2017-09-16;761.46;6.52;FLUIDE;78048
2017-09-17;805.94;6.82;FLUIDE;78048
2017-09-18;784.78;7.14;FLUIDE;78048
2017-09-19;799.62;7.71;FLUIDE;78048
2017-09-20;822.49;7.76;FLUIDE;78048
2017-09-21;775.385;6.265000000000001;FLUIDE;78048
2017-09-22;831.16;8.07;FLUIDE;78048
2017-09-23;740.66;6.19;FLUIDE;78048
2017-09-24;717.23;5.29;FLUIDE;78048
2017-09-25;780.11;6.84;FLUIDE;78048
2017-09-26;805.24;7.53;FLUIDE;78048
2017-09-27;823.92;8.01;FLUIDE;78048
2017-09-28;828.9749999999999;7.265000000000001;FLUIDE;78048
2017-09-29;853.37;8.46;FLUIDE;78048
2017-09-30;779.14;6.67;FLUIDE;78048
2017-10-01;733.615;5.62;FLUIDE;78048
2017-10-02;789.8;7.21;FLUIDE;78048
2017-10-03;825.42;8.71;FLUIDE;78048
2017-10-04;836.14;8.02;FLUIDE;78048
2017-10-05;762.615;6.515;FLUIDE;78048
2017-10-06;855.28;8.24;FLUIDE;78048
2017-10-07;792.92;6.68;FLUIDE;78048
2017-10-08;723.02;5.22;FLUIDE;78048
2017-10-09;796.53;7.03;FLUIDE;78048
2017-10-10;790.94;7.77;FLUIDE;78048
2017-10-11;829.84;7.9;FLUIDE;78048
2017-10-12;764.91;6.34;FLUIDE;78048
2017-10-13;867.28;8.17;FLUIDE;78048
2017-10-14;806.76;6.87;FLUIDE;78048
2017-10-15;764.52;6.03;FLUIDE;78048
2017-10-16;808.37;7.26;FLUIDE;78048
2017-10-17;827.73;8.08;FLUIDE;78048
2017-10-18;845.97;8.4;FLUIDE;78048
2017-10-19;785.5899999999999;7.0;FLUIDE;78048
2017-10-20;875.31;8.71;FLUIDE;78048
2017-10-21;800.99;6.86;FLUIDE;78048
2017-10-22;735.88;5.71;FLUIDE;78048
2017-10-23;782.94;7.45;FLUIDE;78048
2017-10-24;795.49;7.84;FLUIDE;78048
2017-10-25;816.56;8.13;FLUIDE;78048
2017-10-26;815.46;6.715;FLUIDE;78048
2017-10-27;852.87;8.32;FLUIDE;78048
2017-10-28;786.71;6.29;FLUIDE;78048
2017-10-29;703.87;5.23;FLUIDE;78048
2017-10-30;738.28;6.56;FLUIDE;78048
2017-10-31;794.15;7.92;FLUIDE;78048
2017-11-01;786.915;5.65;FLUIDE;78048
2017-11-02;697.185;5.58;FLUIDE;78048
2017-11-03;941.09;8.59;FLUIDE;78048
2017-11-04;758.22;5.98;FLUIDE;78048
2017-11-05;708.83;5.24;FLUIDE;78048
2017-11-06;764.36;6.23;FLUIDE;78048
2017-11-07;789.78;7.62;FLUIDE;78015
2017-11-08;827.34;7.97;FLUIDE;77976
2017-11-09;778.71;6.655;FLUIDE;77976
2017-11-10;851.89;8.76;FLUIDE;77976
2017-11-11;734.19;6.04;FLUIDE;77976
2017-11-12;719.28;5.49;FLUIDE;77976
2017-11-13;787.76;7.26;FLUIDE;77976
2017-11-14;820.01;7.8;FLUIDE;77976
2017-11-15;835.19;8.16;FLUIDE;77976
2017-11-16;776.865;6.46;FLUIDE;77976
2017-11-17;868.24;8.18;FLUIDE;77976
2017-11-18;793.09;6.76;FLUIDE;77976
2017-11-19;742.86;5.63;FLUIDE;77976
2017-11-20;788.46;6.73;FLUIDE;77976
2017-11-21;825.16;7.63;FLUIDE;77976
2017-11-22;824.09;8.33;FLUIDE;77976
2017-11-23;805.53;7.244999999999999;FLUIDE;77976
2017-11-24;845.18;8.51;FLUIDE;77976
2017-11-25;787.35;6.6;FLUIDE;77976
2017-11-26;739.62;5.51;FLUIDE;77976
2017-11-27;768.4;7.32;FLUIDE;77976
2017-11-28;798.83;7.86;FLUIDE;77976
2017-11-29;827.76;7.97;FLUIDE;77976
2017-11-30;799.905;6.865;FLUIDE;77976
2017-12-01;776.42;6.68;FLUIDE;77976
2017-12-02;788.12;7.03;FLUIDE;77976
2017-12-03;714.91;5.8;FLUIDE;77976
2017-12-04;781.12;7.03;FLUIDE;77976
2017-12-05;801.94;7.99;FLUIDE;77976
2017-12-06;815.95;8.45;FLUIDE;77976
2017-12-07;769.81;7.105;FLUIDE;77976
2017-12-08;841.12;9.09;FLUIDE;77976
2017-12-09;749.83;6.43;FLUIDE;77976
2017-12-10;726.06;5.89;FLUIDE;77976
2017-12-11;765.35;7.39;FLUIDE;77976
2017-12-12;805.41;8.45;FLUIDE;77976
2017-12-13;804.36;9.09;FLUIDE;77976
2017-12-14;782.72;6.994999999999999;FLUIDE;77976
2017-12-15;870.86;8.77;FLUIDE;77976
2017-12-16;811.77;6.92;FLUIDE;77976
2017-12-17;750.24;5.83;FLUIDE;77976
2017-12-18;788.19;7.21;FLUIDE;77976
2017-12-19;832.03;8.06;FLUIDE;77976
2017-12-20;837.12;8.94;FLUIDE;77976
2017-12-21;815.4300000000001;7.405;FLUIDE;77976
2017-12-22;854.26;8.45;FLUIDE;77976
2017-12-23;748.0;5.61;FLUIDE;77976
2017-12-24;610.15;4.08;FLUIDE;77976
2017-12-25;588.32;3.81;FLUIDE;77976
2017-12-26;693.34;5.47;FLUIDE;77976
2017-12-27;702.64;6.11;FLUIDE;77976
2017-12-28;674.6300000000001;5.05;FLUIDE;77976
2017-12-29;720.88;5.84;FLUIDE;77976
2017-12-30;683.95;5.13;FLUIDE;77976
2017-12-31;621.99;4.3;FLUIDE;77976
2018-01-01;644.135;4.615;FLUIDE;77976
2018-01-02;684.46;4.82;FLUIDE;77976
2018-01-03;727.31;5.75;FLUIDE;77976
2018-01-04;752.08;6.3;FLUIDE;77976
2018-01-05;781.96;6.19;FLUIDE;77976
2018-01-06;722.73;5.56;FLUIDE;77976
2018-01-07;670.5;4.5;FLUIDE;77976
2018-01-08;600.99;3.995;FLUIDE;77976
2018-01-09;770.02;6.3;FLUIDE;77976
2018-01-10;788.59;6.38;FLUIDE;77976
2018-01-11;815.52;6.72;FLUIDE;77976
2018-01-12;838.08;6.8;FLUIDE;77976
2018-01-13;763.51;5.53;FLUIDE;77976
2018-01-14;711.36;4.95;FLUIDE;77976
2018-01-15;625.985;4.535;FLUIDE;77976
2018-01-16;780.08;6.99;FLUIDE;77976
2018-01-17;797.78;7.34;FLUIDE;77976
2018-01-18;820.79;7.73;FLUIDE;77976
2018-01-19;841.66;7.7;FLUIDE;77976
2018-01-20;770.41;6.08;FLUIDE;77976
2018-01-21;714.39;5.26;FLUIDE;77976
2018-01-22;646.2049999999999;4.94;FLUIDE;77976
2018-01-23;800.83;7.04;FLUIDE;77976
2018-01-24;794.47;7.66;FLUIDE;77976
2018-01-25;805.42;7.99;FLUIDE;77976
2018-01-26;836.52;7.76;FLUIDE;77976
2018-01-27;769.22;6.01;FLUIDE;77976
2018-01-28;706.0;5.12;FLUIDE;77976
2018-01-29;630.915;4.48;FLUIDE;77976
2018-01-30;787.32;6.83;FLUIDE;77976
2018-01-31;783.4;7.59;FLUIDE;77976
2018-02-01;723.9300000000001;5.79;FLUIDE;77976
2018-02-02;836.19;7.34;FLUIDE;77976
2018-02-03;751.22;6.2;FLUIDE;77976
2018-02-04;703.0;5.07;FLUIDE;77976
2018-02-05;622.635;4.529999999999999;FLUIDE;77976
2018-02-06;649.42;6.83;FLUIDE;77983
2018-02-07;424.9;3.25;FLUIDE;78000
2018-02-08;650.73;5.52;FLUIDE;78000
2018-02-09;651.1;5.01;FLUIDE;78000
2018-02-10;697.03;5.69;FLUIDE;78000
2018-02-11;677.52;4.87;FLUIDE;78000
2018-02-12;620.88;5.115;FLUIDE;78000
2018-02-13;780.49;7.76;FLUIDE;78000
2018-02-14;795.42;8.61;FLUIDE;78000
2018-02-15;811.67;8.58;FLUIDE;78000
2018-02-16;843.08;7.73;FLUIDE;78000
2018-02-17;775.5;5.8;FLUIDE;78000
2018-02-18;712.2;5.0;FLUIDE;78000
2018-02-19;634.2;4.465;FLUIDE;78000
2018-02-20;767.31;6.28;FLUIDE;78000
2018-02-21;788.74;6.39;FLUIDE;78000
2018-02-22;794.53;6.59;FLUIDE;78000
2018-02-23;794.18;6.5;FLUIDE;78000
2018-02-24;750.22;5.32;FLUIDE;78000
2018-02-25;700.64;4.85;FLUIDE;78000
2018-02-26;720.115;4.91;FLUIDE;78000
2018-02-27;762.03;6.62;FLUIDE;78000
2018-02-28;776.41;7.23;FLUIDE;78000
2018-03-01;723.64;5.324999999999999;FLUIDE;78000
2018-03-02;793.21;7.46;FLUIDE;78000
2018-03-03;753.2;6.15;FLUIDE;78000
2018-03-04;680.23;5.22;FLUIDE;78000
2018-03-05;647.545;4.785;FLUIDE;78000
2018-03-06;808.68;7.57;FLUIDE;78000
2018-03-07;809.82;8.09;FLUIDE;78000
2018-03-08;827.51;8.19;FLUIDE;78000
2018-03-09;846.62;7.97;FLUIDE;78000
2018-03-10;783.56;6.24;FLUIDE;78000
2018-03-11;739.17;5.38;FLUIDE;78000
2018-03-12;646.355;4.725;FLUIDE;78000
2018-03-13;796.7;7.27;FLUIDE;78000
2018-03-14;818.58;7.59;FLUIDE;78000
2018-03-15;820.62;7.85;FLUIDE;78000
2018-03-16;836.75;8.08;FLUIDE;78000
2018-03-17;742.74;6.06;FLUIDE;78000
2018-03-18;692.39;4.82;FLUIDE;78000
2018-03-19;615.9100000000001;4.54;FLUIDE;78000
2018-03-20;790.95;7.47;FLUIDE;78000
2018-03-21;825.99;7.78;FLUIDE;78000
2018-03-22;810.2;7.47;FLUIDE;78000
2018-03-23;841.81;8.04;FLUIDE;78000
2018-03-24;789.73;6.09;FLUIDE;78000
2018-03-25;761.96;5.39;FLUIDE;78000
2018-03-26;674.9000000000001;4.8950000000000005;FLUIDE;78000
2018-03-27;777.44;7.71;FLUIDE;78000
2018-03-28;796.23;8.47;FLUIDE;78000
2018-03-29;850.97;8.27;FLUIDE;78000
2018-03-30;844.92;8.37;FLUIDE;78000
2018-03-31;764.84;5.64;FLUIDE;78000
2018-04-01;742.76;5.02;FLUIDE;78000
2018-04-02;668.1949999999999;4.18;FLUIDE;78000
2018-04-03;796.94;7.18;FLUIDE;78000
2018-04-04;806.27;7.65;FLUIDE;78000
2018-04-05;841.33;8.26;FLUIDE;78000
2018-04-06;864.77;8.3;FLUIDE;78000
2018-04-07;818.14;6.64;FLUIDE;78000
2018-04-08;740.71;5.79;FLUIDE;78000
2018-04-09;682.0899999999999;5.45;FLUIDE;78000
2018-04-10;821.72;7.84;FLUIDE;78000
2018-04-11;837.0;8.3;FLUIDE;78000
2018-04-12;848.04;8.68;FLUIDE;78000
2018-04-13;859.17;8.59;FLUIDE;78000
2018-04-14;789.26;6.4;FLUIDE;78000
2018-04-15;743.27;5.53;FLUIDE;78000
2018-04-16;741.12;5.275;FLUIDE;78000
2018-04-17;794.87;7.11;FLUIDE;78000
2018-04-18;817.4;7.18;FLUIDE;78000
2018-04-19;827.09;7.58;FLUIDE;78000
2018-04-20;847.61;7.4;FLUIDE;78000
2018-04-21;776.09;5.58;FLUIDE;78000
2018-04-22;732.99;4.83;FLUIDE;78000
2018-04-23;726.84;4.99;FLUIDE;78000
2018-04-24;784.1;7.5;FLUIDE;78000
2018-04-25;810.78;7.05;FLUIDE;78000
2018-04-26;823.26;7.55;FLUIDE;78000
2018-04-27;842.1;7.78;FLUIDE;78000
2018-04-28;767.58;5.73;FLUIDE;78000
2018-04-29;685.58;4.78;FLUIDE;78000
2018-04-30;667.8499999999999;4.805;FLUIDE;78000
2018-05-01;605.6600000000001;4.02;FLUIDE;78000
2018-05-02;817.46;7.72;FLUIDE;78000
2018-05-03;836.55;8.44;FLUIDE;78000
2018-05-04;853.45;8.45;FLUIDE;78000
2018-05-05;752.53;6.08;FLUIDE;78000
2018-05-06;721.65;4.8;FLUIDE;78000
2018-05-07;709.89;4.74;FLUIDE;78000
2018-05-08;675.16;4.43;FLUIDE;78000
2018-05-09;800.67;6.37;FLUIDE;78000
2018-05-10;669.48;4.43;FLUIDE;78000
2018-05-11;764.14;5.63;FLUIDE;78000
2018-05-12;713.89;5.07;FLUIDE;78000
2018-05-13;684.01;4.51;FLUIDE;78000
2018-05-14;685.995;5.235;FLUIDE;78000
2018-05-15;819.68;7.68;FLUIDE;78000
2018-05-16;827.98;7.87;FLUIDE;78000
2018-05-17;835.28;8.4;FLUIDE;78000
2018-05-18;848.56;8.76;FLUIDE;78000
2018-05-19;753.94;5.62;FLUIDE;78000
2018-05-20;680.07;4.51;FLUIDE;78000
2018-05-21;686.4000000000001;4.2;FLUIDE;78000
2018-05-22;771.57;8.75;FLUIDE;78000
2018-05-23;822.38;8.16;FLUIDE;78000
2018-05-24;842.16;8.43;FLUIDE;78000
2018-05-25;843.54;8.72;FLUIDE;78000
2018-05-26;753.47;6.1;FLUIDE;78000
2018-05-27;756.66;5.42;FLUIDE;78000
2018-05-28;743.5250000000001;5.695;FLUIDE;78000
2018-05-29;810.88;8.01;FLUIDE;78000
2018-05-30;848.66;8.18;FLUIDE;78000
2018-05-31;869.13;8.51;FLUIDE;78000
2018-06-01;846.06;6.754999999999999;FLUIDE;78000
2018-06-02;793.61;6.41;FLUIDE;78000
2018-06-03;770.44;5.39;FLUIDE;78000
2018-06-04;767.7550000000001;5.63;FLUIDE;78000
2018-06-05;815.34;8.08;FLUIDE;78000
2018-06-06;830.41;8.42;FLUIDE;78000
2018-06-07;861.06;8.34;FLUIDE;78000
2018-06-08;882.33;8.32;FLUIDE;78000
2018-06-09;806.96;6.22;FLUIDE;78000
2018-06-10;749.9;5.23;FLUIDE;78000
2018-06-11;731.06;5.83;FLUIDE;78000
2018-06-12;798.44;7.91;FLUIDE;78000
2018-06-13;850.47;8.31;FLUIDE;78000
2018-06-14;859.02;8.62;FLUIDE;78000
2018-06-15;874.44;7.4;FLUIDE;78000
2018-06-16;777.68;5.46;FLUIDE;78000
2018-06-17;800.18;5.48;FLUIDE;78000
2018-06-18;815.97;6.82;FLUIDE;78000
2018-06-19;841.63;7.91;FLUIDE;78000
2018-06-20;864.46;8.23;FLUIDE;78000
2018-06-21;871.6;8.38;FLUIDE;78000
2018-06-22;898.19;8.74;FLUIDE;78000
2018-06-23;783.38;6.23;FLUIDE;78000
2018-06-24;764.15;5.32;FLUIDE;78000
2018-06-25;791.155;5.875;FLUIDE;78000
2018-06-26;848.12;7.98;FLUIDE;78000
2018-06-27;854.76;8.74;FLUIDE;78000
2018-06-28;866.34;9.35;FLUIDE;78000
2018-06-29;887.23;9.21;FLUIDE;78000
2018-06-30;784.41;6.35;FLUIDE;78000
2018-07-01;816.28;5.654999999999999;FLUIDE;78000
2018-07-02;800.105;6.115;FLUIDE;78000
2018-07-03;803.3;8.17;FLUIDE;78000
2018-07-04;879.43;9.0;FLUIDE;74750
2018-07-05;869.61;8.96;FLUIDE;78000
2018-07-06;865.45;8.07;FLUIDE;78000
2018-07-07;786.54;5.97;FLUIDE;78000
2018-07-08;759.57;5.41;FLUIDE;78000
2018-07-09;799.105;6.13;FLUIDE;78000
2018-07-10;794.0;7.94;FLUIDE;78000
2018-07-11;831.76;7.87;FLUIDE;78000
2018-07-12;838.05;7.88;FLUIDE;78000
2018-07-13;837.14;7.5;FLUIDE;78000
2018-07-14;677.77;4.37;FLUIDE;78000
2018-07-15;656.52;4.46;FLUIDE;78000
2018-07-16;785.01;5.96;FLUIDE;78000
2018-07-17;797.19;6.92;FLUIDE;78000
2018-07-18;784.32;7.3;FLUIDE;78000
2018-07-19;837.3;7.11;FLUIDE;78000
2018-07-20;845.86;7.32;FLUIDE;78000
2018-07-21;734.21;5.08;FLUIDE;78000
2018-07-22;685.53;4.35;FLUIDE;78000
2018-07-23;741.585;5.01;FLUIDE;78000
2018-07-24;785.04;6.56;FLUIDE;78000
2018-07-25;802.12;6.47;FLUIDE;78000
2018-07-26;807.06;6.68;FLUIDE;78000
2018-07-27;795.36;6.42;FLUIDE;78000
2018-07-28;715.43;4.79;FLUIDE;78000
2018-07-29;657.99;4.22;FLUIDE;78000
2018-07-30;705.065;4.61;FLUIDE;78000
2018-07-31;758.22;5.85;FLUIDE;78000
2018-08-01;716.7750000000001;4.98;FLUIDE;78000
2018-08-02;751.22;5.73;FLUIDE;78000
2018-08-03;750.48;5.46;FLUIDE;78000
2018-08-04;652.31;4.12;FLUIDE;78000
2018-08-05;606.92;3.67;FLUIDE;78000
2018-08-06;649.9200000000001;3.99;FLUIDE;78000
2018-08-07;655.84;4.2;FLUIDE;78000
2018-08-08;677.59;4.46;FLUIDE;78000
2018-08-09;658.74;4.67;FLUIDE;78000
2018-08-10;667.27;4.58;FLUIDE;78000
2018-08-11;598.56;3.79;FLUIDE;78000
2018-08-12;562.41;3.34;FLUIDE;78000
2018-08-13;594.575;3.665;FLUIDE;78000
2018-08-14;605.03;3.9;FLUIDE;78000
2018-08-15;519.31;3.21;FLUIDE;78000
2018-08-16;617.18;3.96;FLUIDE;78000
2018-08-17;629.31;4.1;FLUIDE;78000
2018-08-18;573.33;3.6;FLUIDE;78000
2018-08-19;551.28;3.31;FLUIDE;78000
2018-08-20;594.79;3.605;FLUIDE;78000
2018-08-21;633.41;4.08;FLUIDE;78000
2018-08-22;666.01;4.55;FLUIDE;78000
2018-08-23;687.91;4.76;FLUIDE;78000
2018-08-24;693.32;5.0;FLUIDE;78000
2018-08-25;622.25;4.19;FLUIDE;78000
2018-08-26;603.18;3.93;FLUIDE;78000
2018-08-27;638.895;4.14;FLUIDE;77993
2018-08-28;741.95;5.69;FLUIDE;74726
2018-08-29;734.38;6.05;FLUIDE;78000
2018-08-30;764.19;6.19;FLUIDE;78000
2018-08-31;788.9;6.44;FLUIDE;78000
2018-09-01;720.665;4.815;FLUIDE;78000
2018-09-02;675.66;4.58;FLUIDE;78000
2018-09-03;659.6700000000001;4.46;FLUIDE;78000
2018-09-04;774.21;6.76;FLUIDE;78000
2018-09-05;799.85;7.03;FLUIDE;78000
2018-09-06;820.6;7.81;FLUIDE;78000
2018-09-07;829.56;7.9;FLUIDE;78000
2018-09-08;756.4;5.95;FLUIDE;78000
2018-09-09;728.94;5.3;FLUIDE;78000
2018-09-10;751.05;5.515000000000001;FLUIDE;78000
2018-09-11;793.79;7.21;FLUIDE;78000
2018-09-12;811.91;8.07;FLUIDE;78000
2018-09-13;815.44;8.24;FLUIDE;78000
2018-09-14;840.6;8.33;FLUIDE;78000
2018-09-15;771.56;6.19;FLUIDE;78000
2018-09-16;600.66;4.11;FLUIDE;78000
2018-09-17;684.65;5.295;FLUIDE;78000
2018-09-18;791.3;7.58;FLUIDE;78000
2018-09-19;794.8;6.98;FLUIDE;78000
2018-09-20;830.25;8.28;FLUIDE;78000
2018-09-21;821.53;8.54;FLUIDE;78000
2018-09-22;750.37;6.36;FLUIDE;78000
2018-09-23;704.11;5.18;FLUIDE;78000
2018-09-24;665.53;5.175;FLUIDE;78000
2018-09-25;790.93;7.72;FLUIDE;78000
2018-09-26;800.48;8.3;FLUIDE;78020
2018-09-27;827.82;8.63;FLUIDE;78048
2018-09-28;845.23;8.83;FLUIDE;78048
2018-09-29;784.25;6.52;FLUIDE;78048
2018-09-30;748.63;5.6;FLUIDE;78048
2018-10-01;683.2049999999999;5.3100000000000005;FLUIDE;78088
2018-10-02;769.72;7.62;FLUIDE;78224
2018-10-03;808.54;8.01;FLUIDE;78192
2018-10-04;803.43;8.41;FLUIDE;78192
2018-10-05;840.1;8.86;FLUIDE;78192
2018-10-06;784.37;6.78;FLUIDE;78192
2018-10-07;725.74;5.94;FLUIDE;78192
2018-10-08;705.595;5.405;FLUIDE;78192
2018-10-09;772.45;8.08;FLUIDE;74934
2018-10-10;811.64;8.23;FLUIDE;78192
2018-10-11;812.33;8.72;FLUIDE;78192
2018-10-12;839.83;8.45;FLUIDE;78192
2018-10-13;786.22;6.99;FLUIDE;78192
2018-10-14;749.53;5.92;FLUIDE;78192
2018-10-15;672.265;5.225;FLUIDE;78192
2018-10-16;785.11;8.16;FLUIDE;78192
2018-10-17;815.71;7.99;FLUIDE;78192
2018-10-18;819.14;8.29;FLUIDE;78192
2018-10-19;836.33;8.33;FLUIDE;78192
2018-10-20;782.31;6.89;FLUIDE;78192
2018-10-21;740.37;5.84;FLUIDE;78192
2018-10-22;687.0799999999999;5.395;FLUIDE;78192
2018-10-23;761.19;7.72;FLUIDE;78192
2018-10-24;784.55;7.89;FLUIDE;78192
2018-10-25;791.14;8.1;FLUIDE;78192
2018-10-26;797.18;8.04;FLUIDE;78192
2018-10-27;753.67;6.37;FLUIDE;78192
2018-10-28;691.07;5.36;FLUIDE;78192
2018-10-29;650.275;5.185;FLUIDE;78192
2018-10-30;745.03;8.02;FLUIDE;78192
2018-10-31;773.6;8.7;FLUIDE;78192
2018-11-01;708.75;5.29;FLUIDE;78192
2018-11-02;724.57;6.31;FLUIDE;78192
2018-11-03;704.76;5.68;FLUIDE;78192
2018-11-04;676.02;5.12;FLUIDE;78192
2018-11-05;624.9200000000001;5.789999999999999;FLUIDE;78192
2018-11-06;746.27;7.69;FLUIDE;78192
2018-11-07;772.57;7.72;FLUIDE;78192
2018-11-08;788.33;8.28;FLUIDE;78192
2018-11-09;915.5;9.49;FLUIDE;78192
2018-11-10;735.16;6.54;FLUIDE;78192
2018-11-11;623.33;5.35;FLUIDE;78192
2018-11-12;622.8050000000001;5.3149999999999995;FLUIDE;78192
2018-11-13;744.07;7.8;FLUIDE;78192
2018-11-14;795.37;8.14;FLUIDE;78192
2018-11-15;801.75;8.42;FLUIDE;78192
2018-11-16;815.6;8.4;FLUIDE;78192
2018-11-17;551.09;3.83;FLUIDE;78192
2018-11-18;689.78;4.97;FLUIDE;78192
2018-11-19;623.615;4.785;FLUIDE;78192
2018-11-20;736.36;7.49;FLUIDE;78192
2018-11-21;788.64;7.94;FLUIDE;78192
2018-11-22;804.78;8.47;FLUIDE;78192
2018-11-23;819.88;8.54;FLUIDE;78192
2018-11-24;629.79;4.53;FLUIDE;78192
2018-11-25;680.69;5.09;FLUIDE;78192
2018-11-26;608.765;5.1;FLUIDE;78192
2018-11-27;750.75;7.89;FLUIDE;78192
2018-11-28;768.35;8.55;FLUIDE;78192
2018-11-29;816.94;8.33;FLUIDE;78192
2018-11-30;828.22;8.78;FLUIDE;78192
2018-12-01;743.6700000000001;5.890000000000001;FLUIDE;78192
2018-12-02;695.81;5.26;FLUIDE;78192
2018-12-03;620.035;5.245;FLUIDE;78192
2018-12-04;766.62;7.95;FLUIDE;78192
2018-12-05;789.23;8.19;FLUIDE;78192
2018-12-06;798.73;8.6;FLUIDE;78192
2018-12-07;815.78;9.14;FLUIDE;78192
2018-12-08;539.61;3.5;FLUIDE;78192
2018-12-09;672.19;5.02;FLUIDE;78192
2018-12-10;644.34;5.22;FLUIDE;78192
2018-12-11;781.46;7.73;FLUIDE;78192
2018-12-12;797.26;8.48;FLUIDE;78192
2018-12-13;809.96;9.06;FLUIDE;78192
2018-12-14;841.1;9.21;FLUIDE;78192
2018-12-15;689.69;5.18;FLUIDE;78192
2018-12-16;730.8;5.71;FLUIDE;78192
2018-12-17;651.49;5.275;FLUIDE;78192
2018-12-18;787.64;8.21;FLUIDE;78192
2018-12-19;823.91;8.62;FLUIDE;78192
2018-12-20;846.11;9.19;FLUIDE;78192
2018-12-21;859.06;9.32;FLUIDE;78192
2018-12-22;743.1;5.72;FLUIDE;78192
2018-12-23;681.92;5.3;FLUIDE;78192
2018-12-24;586.615;4.08;FLUIDE;78192
2018-12-25;571.77;3.87;FLUIDE;78192
2018-12-26;681.19;5.59;FLUIDE;78192
2018-12-27;712.05;5.98;FLUIDE;78192
2018-12-28;723.34;5.98;FLUIDE;78192
2018-12-29;657.96;4.76;FLUIDE;78192
2018-12-30;645.13;4.84;FLUIDE;78192
2018-12-31;617.7650000000001;4.33;FLUIDE;78192
2019-01-01;648.1700000000001;4.82;FLUIDE;78192
2019-01-02;690.67;5.17;FLUIDE;78192
2019-01-03;733.87;5.67;FLUIDE;78192
2019-01-04;766.83;6.09;FLUIDE;78192
2019-01-05;681.16;4.94;FLUIDE;78192
2019-01-06;666.18;4.86;FLUIDE;78192
2019-01-07;726.67;5.6;FLUIDE;78192
2019-01-08;623.12;4.609999999999999;FLUIDE;78192
2019-01-09;796.46;6.92;FLUIDE;78192
2019-01-10;806.3;7.16;FLUIDE;78192
2019-01-11;812.76;7.27;FLUIDE;78192
2019-01-12;688.67;5.05;FLUIDE;78192
2019-01-13;704.71;5.2;FLUIDE;78192
2019-01-14;722.65;6.39;FLUIDE;78192
2019-01-15;654.505;5.295;FLUIDE;78192
2019-01-16;783.37;7.75;FLUIDE;78192
2019-01-17;790.38;8.25;FLUIDE;78192
2019-01-18;804.75;8.12;FLUIDE;78192
2019-01-19;716.92;5.79;FLUIDE;78192
2019-01-20;712.47;5.54;FLUIDE;78192
2019-01-21;750.71;7.15;FLUIDE;78192
2019-01-22;622.925;4.755;FLUIDE;78192
2019-01-23;726.09;6.4;FLUIDE;78192
2019-01-24;802.29;7.76;FLUIDE;78192
2019-01-25;811.41;7.82;FLUIDE;78192
2019-01-26;712.38;5.59;FLUIDE;78192
2019-01-27;688.7;5.17;FLUIDE;78192
2019-01-28;759.35;6.41;FLUIDE;78192
2019-01-29;644.94;5.365;FLUIDE;78192
2019-01-30;664.8;5.3;FLUIDE;78192
2019-01-31;757.0;8.26;FLUIDE;78192
2019-02-01;744.98;6.515000000000001;FLUIDE;78192
2019-02-02;714.41;5.92;FLUIDE;78192
2019-02-03;695.47;5.53;FLUIDE;78192
2019-02-04;727.95;6.62;FLUIDE;78192
2019-02-05;640.315;5.545;FLUIDE;78192
2019-02-06;782.07;7.64;FLUIDE;78192
2019-02-07;778.98;8.13;FLUIDE;78192
2019-02-08;807.76;8.05;FLUIDE;78192
2019-02-09;737.47;6.18;FLUIDE;78192
2019-02-10;698.64;5.53;FLUIDE;78192
2019-02-11;721.42;7.39;FLUIDE;78192
2019-02-12;659.2349999999999;5.745;FLUIDE;78192
2019-02-13;802.62;7.8;FLUIDE;78192
2019-02-14;811.93;8.58;FLUIDE;78192
2019-02-15;820.2;8.48;FLUIDE;78192
2019-02-16;746.37;6.23;FLUIDE;78192
2019-02-17;687.26;6.24;FLUIDE;78192
2019-02-18;745.68;7.0;FLUIDE;78192
2019-02-19;661.9449999999999;5.52;FLUIDE;78192
2019-02-20;790.59;7.83;FLUIDE;78192
2019-02-21;803.59;8.55;FLUIDE;78192
2019-02-22;819.66;8.29;FLUIDE;78192
2019-02-23;740.56;5.93;FLUIDE;78192
2019-02-24;713.7;5.42;FLUIDE;78192
2019-02-25;734.86;6.24;FLUIDE;78192
2019-02-26;645.405;5.265000000000001;FLUIDE;78192
2019-02-27;766.16;6.9;FLUIDE;78192
2019-02-28;769.76;7.54;FLUIDE;78192
2019-03-01;729.91;6.265;FLUIDE;78192
2019-03-02;692.96;5.57;FLUIDE;78192
2019-03-03;681.18;5.43;FLUIDE;78192
2019-03-04;706.34;6.08;FLUIDE;78192
2019-03-05;632.18;5.01;FLUIDE;78192
2019-03-06;739.16;7.26;FLUIDE;78192
2019-03-07;785.04;7.19;FLUIDE;78192
2019-03-08;774.86;7.05;FLUIDE;78192
2019-03-09;706.57;5.53;FLUIDE;78192
2019-03-10;679.59;5.24;FLUIDE;78192
2019-03-11;737.26;6.7;FLUIDE;78192
2019-03-12;654.325;5.6;FLUIDE;78192
2019-03-13;757.6;7.84;FLUIDE;78192
2019-03-14;760.76;8.59;FLUIDE;78192
2019-03-15;797.23;8.45;FLUIDE;78192
2019-03-16;682.89;5.63;FLUIDE;78192
2019-03-17;708.25;5.65;FLUIDE;78192
2019-03-18;754.96;6.85;FLUIDE;78192
2019-03-19;647.3;5.744999999999999;FLUIDE;78192
2019-03-20;782.01;7.96;FLUIDE;78192
2019-03-21;786.55;8.23;FLUIDE;78192
2019-03-22;801.05;8.02;FLUIDE;78192
2019-03-23;711.01;5.37;FLUIDE;78192
2019-03-24;704.97;5.22;FLUIDE;78192
2019-03-25;734.89;7.07;FLUIDE;78192
2019-03-26;664.4100000000001;6.029999999999999;FLUIDE;78318
2019-03-27;769.48;7.41;FLUIDE;78624
2019-03-28;799.11;8.1;FLUIDE;78744
2019-03-29;797.43;8.61;FLUIDE;78912
2019-03-30;733.66;6.03;FLUIDE;78912
2019-03-31;748.84;5.9;FLUIDE;78912
2019-04-01;671.355;5.33;FLUIDE;78912
2019-04-02;658.365;6.04;FLUIDE;78912
2019-04-03;769.96;8.09;FLUIDE;78912
2019-04-04;776.51;8.65;FLUIDE;78912
2019-04-05;799.75;8.6;FLUIDE;78912
2019-04-06;730.31;6.03;FLUIDE;78912
2019-04-07;719.75;5.79;FLUIDE;78912
2019-04-08;741.7;7.24;FLUIDE;78912
2019-04-09;658.03;5.9399999999999995;FLUIDE;78912
2019-04-10;754.92;8.38;FLUIDE;78912
2019-04-11;780.19;8.97;FLUIDE;78912
2019-04-12;797.32;8.98;FLUIDE;78912
2019-04-13;737.88;6.6;FLUIDE;78912
2019-04-14;692.07;5.96;FLUIDE;78912
2019-04-15;724.65;7.56;FLUIDE;78912
2019-04-16;685.385;6.59;FLUIDE;78912
2019-04-17;752.31;8.6;FLUIDE;78912
2019-04-18;777.73;9.21;FLUIDE;78912
2019-04-19;783.06;9.27;FLUIDE;78912
2019-04-20;698.69;5.96;FLUIDE;78912
2019-04-21;668.65;5.09;FLUIDE;78912
2019-04-22;616.17;4.32;FLUIDE;78912
2019-04-23;695.14;5.455;FLUIDE;78912
2019-04-24;737.24;7.17;FLUIDE;79201
2019-04-25;744.5;7.33;FLUIDE;79416
2019-04-26;750.13;6.89;FLUIDE;79416
2019-04-27;674.7;5.46;FLUIDE;79416
2019-04-28;650.89;4.86;FLUIDE;79416
2019-04-29;702.08;5.87;FLUIDE;79416
2019-04-30;639.14;5.25;FLUIDE;79416
2019-05-01;626.015;4.305;FLUIDE;79416
2019-05-02;720.56;6.91;FLUIDE;79416
2019-05-03;737.69;7.1;FLUIDE;79416
2019-05-04;664.11;5.4;FLUIDE;79416
2019-05-05;648.24;5.13;FLUIDE;79416
2019-05-06;715.17;6.6;FLUIDE;79416
2019-05-07;622.175;5.64;FLUIDE;79416
2019-05-08;615.22;5.12;FLUIDE;79416
2019-05-09;724.24;7.94;FLUIDE;79416
2019-05-10;748.98;8.09;FLUIDE;79416
2019-05-11;672.11;5.73;FLUIDE;79416
2019-05-12;681.15;5.49;FLUIDE;79416
2019-05-13;739.4;7.25;FLUIDE;79416
2019-05-14;667.05;6.19;FLUIDE;79416
2019-05-15;768.76;8.59;FLUIDE;79416
2019-05-16;784.32;8.59;FLUIDE;79416
2019-05-17;797.93;8.22;FLUIDE;79416
2019-05-18;732.27;6.25;FLUIDE;79416
2019-05-19;687.61;5.54;FLUIDE;79416
2019-05-20;686.22;6.42;FLUIDE;79416
2019-05-21;677.03;6.125;FLUIDE;79416
2019-05-22;785.84;8.29;FLUIDE;79416
2019-05-23;769.53;8.91;FLUIDE;79416
2019-05-24;800.91;8.49;FLUIDE;79416
2019-05-25;723.2;6.06;FLUIDE;79416
2019-05-26;719.97;6.07;FLUIDE;79416
2019-05-27;742.63;7.2;FLUIDE;79416
2019-05-28;674.9849999999999;6.159999999999999;FLUIDE;79416
2019-05-29;774.11;9.27;FLUIDE;79416
2019-05-30;663.9;5.19;FLUIDE;79416
2019-05-31;715.3;6.24;FLUIDE;79416
2019-06-01;682.99;4.9399999999999995;FLUIDE;79416
2019-06-02;684.09;5.02;FLUIDE;79416
2019-06-03;778.44;7.66;FLUIDE;79416
2019-06-04;752.7;7.9;FLUIDE;79416
2019-06-05;748.35;9.37;FLUIDE;79416
2019-06-06;777.09;9.22;FLUIDE;79416
2019-06-07;789.52;9.29;FLUIDE;79416
2019-06-08;757.29;6.45;FLUIDE;79416
2019-06-09;680.73;5.0;FLUIDE;79416
2019-06-10;666.18;4.85;FLUIDE;79416
2019-06-11;732.76;9.01;FLUIDE;79416
2019-06-12;757.22;9.22;FLUIDE;79416
2019-06-13;773.07;9.23;FLUIDE;79416
2019-06-14;796.52;9.5;FLUIDE;79416
2019-06-15;777.48;6.475;FLUIDE;79416
2019-06-16;739.3;6.06;FLUIDE;79416
2019-06-17;754.59;8.05;FLUIDE;79402
2019-06-18;773.09;8.9;FLUIDE;79368
2019-06-19;793.25;9.51;FLUIDE;79368
2019-06-20;802.63;9.79;FLUIDE;79368
2019-06-21;820.83;9.63;FLUIDE;79368
2019-06-22;807.87;7.145;FLUIDE;79368
2019-06-23;734.54;5.89;FLUIDE;79368
2019-06-24;780.47;8.04;FLUIDE;79368
2019-06-25;784.27;9.17;FLUIDE;79368
2019-06-26;794.12;8.03;FLUIDE;79368
2019-06-27;801.02;8.02;FLUIDE;79368
2019-06-28;829.25;8.22;FLUIDE;79368
2019-06-29;790.47;6.234999999999999;FLUIDE;79368
2019-06-30;743.56;5.6;FLUIDE;79368
2019-07-01;783.67;6.61;FLUIDE;79368
2019-07-02;793.31;8.58;FLUIDE;79368
2019-07-03;798.04;9.13;FLUIDE;79368
2019-07-04;820.33;9.12;FLUIDE;79368
2019-07-05;826.2;8.63;FLUIDE;79368
2019-07-06;793.815;6.15;FLUIDE;79368
2019-07-07;729.1;5.67;FLUIDE;79368
2019-07-08;773.96;7.9;FLUIDE;79368
2019-07-09;789.37;8.37;FLUIDE;79368
2019-07-10;800.74;8.5;FLUIDE;79368
2019-07-11;826.6;8.46;FLUIDE;79368
2019-07-12;823.43;7.89;FLUIDE;79368
2019-07-13;747.0350000000001;5.845;FLUIDE;79368
2019-07-14;654.79;4.65;FLUIDE;79368
2019-07-15;782.91;7.04;FLUIDE;79368
2019-07-16;761.85;7.42;FLUIDE;79368
2019-07-17;797.57;7.44;FLUIDE;79368
2019-07-18;795.6;7.7;FLUIDE;79368
2019-07-19;787.33;6.95;FLUIDE;79368
2019-07-20;717.0;5.445;FLUIDE;79368
2019-07-21;670.99;4.58;FLUIDE;79368
2019-07-22;760.93;6.25;FLUIDE;79368
2019-07-23;750.51;6.43;FLUIDE;79368
2019-07-24;767.28;6.51;FLUIDE;79368
2019-07-25;753.19;6.58;FLUIDE;79368
2019-07-26;787.19;7.05;FLUIDE;79368
2019-07-27;695.8;5.13;FLUIDE;79368
2019-07-28;628.93;4.64;FLUIDE;79368
2019-07-29;728.13;5.91;FLUIDE;79368
2019-07-30;730.26;6.0;FLUIDE;79368
2019-07-31;739.05;6.17;FLUIDE;79368
2019-08-01;693.745;5.325;FLUIDE;79368
2019-08-02;724.14;5.54;FLUIDE;79368
2019-08-03;629.09;4.42;FLUIDE;79368
2019-08-04;602.51;4.04;FLUIDE;79368
2019-08-05;641.49;4.56;FLUIDE;79368
2019-08-06;637.54;5.01;FLUIDE;79368
2019-08-07;652.94;4.71;FLUIDE;79368
2019-08-08;623.12;4.385;FLUIDE;79368
2019-08-09;638.41;4.74;FLUIDE;79368
2019-08-10;576.07;3.97;FLUIDE;79368
2019-08-11;533.06;3.33;FLUIDE;79368
2019-08-12;588.1;3.94;FLUIDE;79368
2019-08-13;590.56;4.14;FLUIDE;79368
2019-08-14;580.85;4.32;FLUIDE;79368
2019-08-15;505.79499999999996;3.33;FLUIDE;79368
2019-08-16;569.21;3.86;FLUIDE;79368
2019-08-17;520.52;3.67;FLUIDE;79368
2019-08-18;506.11;3.33;FLUIDE;79368
2019-08-19;591.69;4.08;FLUIDE;79368
2019-08-20;621.05;4.33;FLUIDE;79368
2019-08-21;623.21;4.46;FLUIDE;79368
2019-08-22;586.8399999999999;4.225;FLUIDE;79368
2019-08-23;661.86;4.82;FLUIDE;79368
2019-08-24;617.92;4.14;FLUIDE;79368
2019-08-25;583.61;3.72;FLUIDE;79368
2019-08-26;681.89;4.74;FLUIDE;79368
2019-08-27;696.19;5.2;FLUIDE;79368
2019-08-28;729.14;5.83;FLUIDE;79368
2019-08-29;707.075;5.51;FLUIDE;79368
2019-08-30;759.03;6.68;FLUIDE;79368
2019-08-31;703.12;5.36;FLUIDE;79368
2019-09-01;724.7950000000001;5.285;FLUIDE;79368
2019-09-02;733.57;5.73;FLUIDE;79368
2019-09-03;743.64;6.96;FLUIDE;79368
2019-09-04;775.11;7.58;FLUIDE;79368
2019-09-05;770.76;8.03;FLUIDE;79368
2019-09-06;789.26;8.23;FLUIDE;79368
2019-09-07;733.03;6.23;FLUIDE;79368
2019-09-08;763.94;5.84;FLUIDE;79368
2019-09-09;729.02;6.77;FLUIDE;79368
2019-09-10;750.13;7.67;FLUIDE;79368
2019-09-11;768.32;7.61;FLUIDE;79368
2019-09-12;786.21;8.52;FLUIDE;79368
2019-09-13;830.52;11.24;FLUIDE;79368
2019-09-14;751.71;6.92;FLUIDE;79368
2019-09-15;767.9849999999999;6.175;FLUIDE;79368
2019-09-16;739.06;7.77;FLUIDE;79368
2019-09-17;750.47;8.09;FLUIDE;79368
2019-09-18;756.41;8.7;FLUIDE;79368
2019-09-19;780.27;8.69;FLUIDE;79377
2019-09-20;786.21;8.9;FLUIDE;79392
2019-09-21;706.36;5.93;FLUIDE;79392
2019-09-22;697.62;5.25;FLUIDE;79392
2019-09-23;734.72;7.47;FLUIDE;79392
2019-09-24;730.98;9.15;FLUIDE;79392
2019-09-25;823.33;10.05;FLUIDE;79392
2019-09-26;792.94;9.045;FLUIDE;155476
2019-09-27;793.41;9.08;FLUIDE;158784
2019-09-28;738.2;7.14;FLUIDE;158784
2019-09-29;746.3333333333334;6.3066666666666675;FLUIDE;158784
2019-09-30;711.8;7.41;FLUIDE;158784
2019-10-01;643.23;5.260000000000001;FLUIDE;82700
2019-10-02;746.82;8.44;FLUIDE;79392
2019-10-03;731.17;6.91;FLUIDE;79392
2019-10-04;801.94;8.57;FLUIDE;79392
2019-10-05;700.36;7.71;FLUIDE;79392
2019-10-06;696.42;6.49;FLUIDE;79392
2019-10-07;739.86;7.31;FLUIDE;79392
2019-10-08;693.15;8.65;FLUIDE;79392
2019-10-09;729.26;7.57;FLUIDE;79392
2019-10-10;723.47;7.425;FLUIDE;79392
2019-10-11;797.8;8.77;FLUIDE;79392
2019-10-12;757.85;6.89;FLUIDE;79392
2019-10-13;725.29;6.18;FLUIDE;79392
2019-10-14;734.22;7.01;FLUIDE;79392
2019-10-15;742.68;8.06;FLUIDE;79392
2019-10-16;757.75;8.8;FLUIDE;79392
2019-10-17;715.1700000000001;7.0;FLUIDE;79392
2019-10-18;801.67;9.39;FLUIDE;79392
2019-10-19;754.09;7.15;FLUIDE;79392
2019-10-20;692.05;6.02;FLUIDE;79392
2019-10-21;724.38;7.08;FLUIDE;79392
2019-10-22;731.56;7.36;FLUIDE;79392
2019-10-23;762.1;8.11;FLUIDE;79392
2019-10-24;720.175;6.505;FLUIDE;79392
2019-10-25;781.73;8.1;FLUIDE;79392
2019-10-26;733.01;6.79;FLUIDE;79392
2019-10-27;662.78;5.85;FLUIDE;79392
2019-10-28;724.35;7.26;FLUIDE;79392
2019-10-29;719.7;8.04;FLUIDE;79392
2019-10-30;746.03;8.76;FLUIDE;79392
2019-10-31;730.645;7.22;FLUIDE;76084
2019-11-01;705.99;6.11;FLUIDE;79392
2019-11-02;673.05;6.04;FLUIDE;79392
2019-11-03;646.39;5.6;FLUIDE;79392
2019-11-04;718.8;7.05;FLUIDE;79392
2019-11-05;737.66;7.98;FLUIDE;79392
2019-11-06;750.32;8.52;FLUIDE;79392
2019-11-07;708.085;7.93;FLUIDE;79392
2019-11-08;784.04;8.81;FLUIDE;79392
2019-11-09;711.82;7.12;FLUIDE;79392
2019-11-10;668.2;5.72;FLUIDE;79392
2019-11-11;611.74;4.94;FLUIDE;79392
2019-11-12;708.66;8.8;FLUIDE;79392
2019-11-13;746.35;8.91;FLUIDE;79392
2019-11-14;724.245;7.245;FLUIDE;79392
2019-11-15;733.97;9.55;FLUIDE;79392
2019-11-16;697.72;6.01;FLUIDE;79392
2019-11-17;692.65;5.86;FLUIDE;79392
2019-11-18;700.09;7.57;FLUIDE;79392
2019-11-19;734.2;8.12;FLUIDE;79392
2019-11-20;740.14;8.71;FLUIDE;79392
2019-11-21;696.53;7.145;FLUIDE;79392
2019-11-22;778.9;9.06;FLUIDE;79392
2019-11-23;708.08;7.67;FLUIDE;79392
2019-11-24;689.32;6.32;FLUIDE;79392
2019-11-25;698.97;7.2;FLUIDE;79392
2019-11-26;726.51;8.23;FLUIDE;79392
2019-11-27;683.6;8.58;FLUIDE;79392
2019-11-28;705.625;7.125;FLUIDE;79392
2019-11-29;784.54;9.21;FLUIDE;79392
2019-11-30;746.96;7.57;FLUIDE;79392
2019-12-01;761.08;7.295;FLUIDE;79392
2019-12-02;714.05;7.88;FLUIDE;79392
2019-12-03;740.1;8.84;FLUIDE;79392
2019-12-04;751.57;10.97;FLUIDE;79392
2019-12-05;726.9;6.63;FLUIDE;79392
2019-12-06;766.6;12.59;FLUIDE;79392
2019-12-07;794.45;10.14;FLUIDE;79392
2019-12-08;819.085;9.16;FLUIDE;79392
2019-12-09;734.49;11.26;FLUIDE;79392
2019-12-10;761.27;10.17;FLUIDE;79392
2019-12-11;782.13;12.3;FLUIDE;79392
2019-12-12;779.82;13.02;FLUIDE;79392
2019-12-13;813.23;12.79;FLUIDE;79392
2019-12-14;814.23;10.26;FLUIDE;79392
2019-12-15;823.8;9.075;FLUIDE;79392
2019-12-16;761.34;10.93;FLUIDE;79392
2019-12-17;779.68;9.22;FLUIDE;79392
2019-12-18;792.25;13.54;FLUIDE;79392
2019-12-19;817.58;13.32;FLUIDE;79392
2019-12-20;838.03;12.58;FLUIDE;79392
2019-12-21;802.73;9.81;FLUIDE;79392
2019-12-22;805.4749999999999;8.475;FLUIDE;79392
2019-12-23;761.67;10.43;FLUIDE;79392
2019-12-24;719.47;8.65;FLUIDE;79392
2019-12-25;626.48;5.31;FLUIDE;79392
2019-12-26;710.64;8.39;FLUIDE;79392
2019-12-27;742.61;8.3;FLUIDE;79392
2019-12-28;712.94;7.7;FLUIDE;79392
2019-12-29;752.815;7.390000000000001;FLUIDE;79392
2019-12-30;744.45;8.58;FLUIDE;79392
2019-12-31;735.67;8.39;FLUIDE;79392
2020-01-01;710.7249999999999;7.074999999999999;FLUIDE;79392
2020-01-02;710.27;8.23;FLUIDE;79392
2020-01-03;756.92;8.4;FLUIDE;79392
2020-01-04;725.89;7.35;FLUIDE;79392
2020-01-05;715.25;6.79;FLUIDE;79392
2020-01-06;750.03;8.56;FLUIDE;79392
2020-01-07;761.04;9.52;FLUIDE;79392
2020-01-08;692.53;7.57;FLUIDE;79392
2020-01-09;749.1;8.23;FLUIDE;79392
2020-01-10;794.31;11.09;FLUIDE;79392
2020-01-11;764.03;8.16;FLUIDE;79392
2020-01-12;816.73;8.06;FLUIDE;79392
2020-01-13;742.15;9.23;FLUIDE;79392
2020-01-14;765.56;10.57;FLUIDE;79392
2020-01-15;738.165;7.895;FLUIDE;79392
2020-01-16;763.13;10.74;FLUIDE;79392
2020-01-17;782.71;10.04;FLUIDE;79392
2020-01-18;766.36;7.84;FLUIDE;79392
2020-01-19;719.18;6.83;FLUIDE;79392
2020-01-20;731.18;7.9;FLUIDE;79392
2020-01-21;740.32;8.14;FLUIDE;79392
2020-01-22;666.56;6.475;FLUIDE;79392
2020-01-23;757.27;8.38;FLUIDE;79392
2020-01-24;763.61;8.96;FLUIDE;79392
2020-01-25;732.53;6.29;FLUIDE;79392
2020-01-26;681.17;5.43;FLUIDE;79392
2020-01-27;685.15;7.12;FLUIDE;79392
2020-01-28;715.74;8.08;FLUIDE;79392
2020-01-29;684.36;6.0600000000000005;FLUIDE;79392
2020-01-30;782.11;8.38;FLUIDE;79392
2020-01-31;786.24;7.59;FLUIDE;79392
2020-02-01;740.245;6.13;FLUIDE;79392
2020-02-02;668.43;5.49;FLUIDE;79392
2020-02-03;706.47;6.48;FLUIDE;79392
2020-02-04;729.74;7.34;FLUIDE;79392
2020-02-05;752.24;7.49;FLUIDE;79392
2020-02-06;743.12;8.45;FLUIDE;79392
2020-02-07;779.27;7.8;FLUIDE;79392
2020-02-08;714.13;5.84;FLUIDE;79392
2020-02-09;648.97;4.99;FLUIDE;79392
2020-02-10;682.75;6.2;FLUIDE;79392
2020-02-11;714.73;6.64;FLUIDE;79392
2020-02-12;725.04;6.65;FLUIDE;79392
2020-02-13;720.55;7.04;FLUIDE;79392
2020-02-14;755.33;7.23;FLUIDE;79392
2020-02-15;715.335;6.15;FLUIDE;79392
2020-02-16;642.01;5.13;FLUIDE;79392
2020-02-17;688.45;6.11;FLUIDE;79392
2020-02-18;694.48;6.58;FLUIDE;79392
2020-02-19;717.31;6.73;FLUIDE;79392
2020-02-20;728.59;7.06;FLUIDE;79392
2020-02-21;760.08;7.26;FLUIDE;79392
2020-02-22;731.635;6.265000000000001;FLUIDE;79392
2020-02-23;672.46;5.44;FLUIDE;79392
2020-02-24;705.0;6.76;FLUIDE;79392
2020-02-25;708.99;8.11;FLUIDE;79392
2020-02-26;722.7;8.55;FLUIDE;79392
2020-02-27;740.82;8.69;FLUIDE;79392
2020-02-28;764.81;8.99;FLUIDE;79392
2020-02-29;721.53;6.375;FLUIDE;79392
2020-03-01;705.845;5.92;FLUIDE;79392
2020-03-02;695.48;6.82;FLUIDE;79392
2020-03-03;697.39;7.56;FLUIDE;79392
2020-03-04;725.48;7.41;FLUIDE;79392
2020-03-05;721.54;8.28;FLUIDE;79392
2020-03-06;759.1;7.63;FLUIDE;79392
2020-03-07;700.73;5.88;FLUIDE;79392
2020-03-08;681.61;5.605;FLUIDE;79392
2020-03-09;667.84;6.37;FLUIDE;79392
2020-03-10;710.15;6.9;FLUIDE;79392
2020-03-11;727.25;6.93;FLUIDE;79392
2020-03-12;746.67;7.34;FLUIDE;79392
2020-03-13;741.96;6.98;FLUIDE;79392
2020-03-14;618.91;4.73;FLUIDE;79392
2020-03-15;540.1899999999999;3.645;FLUIDE;79392
2020-03-16;639.55;6.51;FLUIDE;79392
2020-03-17;392.08;2.74;FLUIDE;79392
2020-03-18;229.5;1.52;FLUIDE;79392
2020-03-19;213.78;1.39;FLUIDE;79392
2020-03-20;212.96;1.37;FLUIDE;79392
2020-03-21;129.36;0.85;FLUIDE;79392
2020-03-22;80.28999999999999;0.535;FLUIDE;79392
2020-03-23;194.37;1.27;FLUIDE;79392
2020-03-24;189.23;1.23;FLUIDE;79392
2020-03-25;186.21;1.21;FLUIDE;79392
2020-03-26;190.58;1.22;FLUIDE;79392
2020-03-27;196.63;1.24;FLUIDE;79392
2020-03-28;123.02;0.8;FLUIDE;79392
2020-03-29;96.31;0.63;FLUIDE;79392
2020-03-30;191.26;1.29;FLUIDE;79392
2020-03-31;199.5;1.28;FLUIDE;79392
2020-04-01;141.9;0.935;FLUIDE;79392
2020-04-02;204.36;1.31;FLUIDE;79392
2020-04-03;212.19;1.39;FLUIDE;79392
2020-04-04;132.66;0.88;FLUIDE;79392
2020-04-05;102.57;0.66;FLUIDE;79392
2020-04-06;213.71;1.37;FLUIDE;79392
2020-04-07;218.83;1.41;FLUIDE;79392
2020-04-08;159.315;0.995;FLUIDE;79392
2020-04-09;226.32;1.42;FLUIDE;79392
2020-04-10;237.63;1.51;FLUIDE;79392
2020-04-11;155.1;0.96;FLUIDE;79392
2020-04-12;116.7;0.7;FLUIDE;79392
2020-04-13;136.55;0.84;FLUIDE;79392
2020-04-14;249.28;1.58;FLUIDE;79392
2020-04-15;169.435;1.0750000000000002;FLUIDE;79392
2020-04-16;251.51;1.59;FLUIDE;79392
2020-04-17;263.7;1.66;FLUIDE;79392
2020-04-18;165.76;1.07;FLUIDE;79392
2020-04-19;124.52;0.78;FLUIDE;79392
2020-04-20;264.03;1.65;FLUIDE;79392
2020-04-21;280.13;1.8;FLUIDE;79392
2020-04-22;199.365;1.265;FLUIDE;79392
2020-04-23;295.03;1.84;FLUIDE;79392
2020-04-24;297.7;1.87;FLUIDE;79392
2020-04-25;188.38;1.19;FLUIDE;79392
2020-04-26;144.15;0.89;FLUIDE;79392
2020-04-27;297.16;1.89;FLUIDE;79392
2020-04-28;311.43;2.07;FLUIDE;79392
2020-04-29;229.155;1.48;FLUIDE;79392
2020-04-30;345.96;2.31;FLUIDE;79392
2020-05-01;159.53;1.05;FLUIDE;79392
2020-05-02;213.58;1.44;FLUIDE;79392
2020-05-03;166.07;1.05;FLUIDE;79392
2020-05-04;359.09;2.31;FLUIDE;79392
2020-05-05;374.59;2.52;FLUIDE;79392
2020-05-06;385.97;2.57;FLUIDE;79392
2020-05-07;402.75;2.69;FLUIDE;79392
2020-05-08;207.96;1.3050000000000002;FLUIDE;79392
2020-05-09;250.77;1.62;FLUIDE;79392
2020-05-10;213.15;1.36;FLUIDE;79392
2020-05-11;563.95;4.73;FLUIDE;79392
2020-05-12;590.58;4.95;FLUIDE;79392
2020-05-13;594.56;4.97;FLUIDE;79392
2020-05-14;601.64;5.13;FLUIDE;79392
2020-05-15;483.15500000000003;3.8449999999999998;FLUIDE;79392
2020-05-16;526.29;4.06;FLUIDE;79392
2020-05-17;460.73;3.13;FLUIDE;79392
2020-05-18;592.27;4.97;FLUIDE;79392
2020-05-19;599.92;5.35;FLUIDE;79392
2020-05-20;637.75;5.84;FLUIDE;79392
2020-05-21;502.6;3.41;FLUIDE;79392
2020-05-22;527.04;3.9749999999999996;FLUIDE;79392
2020-05-23;519.6;3.96;FLUIDE;79392
2020-05-24;497.98;3.36;FLUIDE;79392
2020-05-25;632.02;5.27;FLUIDE;79392
2020-05-26;650.05;5.76;FLUIDE;79392
2020-05-27;657.9;6.13;FLUIDE;79392
2020-05-28;672.1;6.03;FLUIDE;79392
2020-05-29;577.58;4.57;FLUIDE;79392
2020-05-30;605.02;4.7;FLUIDE;79392
2020-05-31;543.7;3.71;FLUIDE;79392
2020-06-01;538.87;3.46;FLUIDE;79392
2020-06-02;688.6;7.2;FLUIDE;79392
2020-06-03;716.17;7.12;FLUIDE;79392
2020-06-04;692.64;7.07;FLUIDE;79392
2020-06-05;714.42;6.9;FLUIDE;79392
2020-06-06;636.67;5.24;FLUIDE;79392
2020-06-07;587.45;4.4;FLUIDE;79392
2020-06-08;599.39;4.695;FLUIDE;79392
2020-06-09;697.31;7.0;FLUIDE;79392
2020-06-10;706.67;7.2;FLUIDE;79392
2020-06-11;700.13;7.0;FLUIDE;79392
2020-06-12;718.07;7.19;FLUIDE;79392
2020-06-13;658.18;5.28;FLUIDE;79392
2020-06-14;616.99;4.31;FLUIDE;79392
2020-06-15;634.4549999999999;4.905;FLUIDE;79392
2020-06-16;722.12;7.19;FLUIDE;79392
2020-06-17;727.6;7.35;FLUIDE;79392
2020-06-18;735.04;7.6;FLUIDE;79392
2020-06-19;747.08;7.59;FLUIDE;79392
2020-06-20;680.39;5.5;FLUIDE;79392
2020-06-21;648.94;4.86;FLUIDE;79392
2020-06-22;685.04;5.5649999999999995;FLUIDE;79392
2020-06-23;730.43;7.23;FLUIDE;79392
2020-06-24;746.14;7.6;FLUIDE;79392
2020-06-25;766.41;7.39;FLUIDE;79392
2020-06-26;773.87;8.04;FLUIDE;79392
2020-06-27;696.13;5.93;FLUIDE;79392
2020-06-28;665.34;5.06;FLUIDE;79392
2020-06-29;682.315;5.455;FLUIDE;79392
2020-06-30;745.85;7.84;FLUIDE;79392
2020-07-01;686.605;6.4399999999999995;FLUIDE;79392
2020-07-02;764.61;7.95;FLUIDE;79392
2020-07-03;764.79;7.77;FLUIDE;79392
2020-07-04;710.13;6.02;FLUIDE;79392
2020-07-05;657.3;5.2;FLUIDE;79392
2020-07-06;702.37;6.82;FLUIDE;79392
2020-07-07;733.26;7.66;FLUIDE;79392
2020-07-08;693.035;6.130000000000001;FLUIDE;79392
2020-07-09;761.75;7.76;FLUIDE;79392
2020-07-10;763.08;7.99;FLUIDE;79392
2020-07-11;670.3;5.23;FLUIDE;79392
2020-07-12;596.18;4.11;FLUIDE;79392
2020-07-13;642.8;4.79;FLUIDE;79392
2020-07-14;536.13;3.69;FLUIDE;79392
2020-07-15;681.19;5.795;FLUIDE;79392
2020-07-16;719.87;7.25;FLUIDE;79392
2020-07-17;730.52;6.92;FLUIDE;79392
2020-07-18;676.54;5.24;FLUIDE;79392
2020-07-19;631.17;4.47;FLUIDE;79392
2020-07-20;709.19;6.31;FLUIDE;79392
2020-07-21;701.79;6.92;FLUIDE;79392
2020-07-22;669.9200000000001;5.83;FLUIDE;79392
2020-07-23;730.34;7.06;FLUIDE;79392
2020-07-24;723.05;6.41;FLUIDE;79392
2020-07-25;665.73;4.98;FLUIDE;79392
2020-07-26;607.0;4.31;FLUIDE;79392
2020-07-27;681.77;5.63;FLUIDE;79392
2020-07-28;693.01;6.42;FLUIDE;79392
2020-07-29;650.235;5.630000000000001;FLUIDE;79392
2020-07-30;695.2;7.02;FLUIDE;79392
2020-07-31;679.43;5.38;FLUIDE;79392
2020-08-01;613.355;4.275;FLUIDE;79392
2020-08-02;580.3;4.19;FLUIDE;79392
2020-08-03;629.46;4.95;FLUIDE;79392
2020-08-04;631.71;5.06;FLUIDE;79392
2020-08-05;636.71;5.13;FLUIDE;79392
2020-08-06;627.24;4.83;FLUIDE;79392
2020-08-07;619.19;4.73;FLUIDE;79392
2020-08-08;565.115;3.8200000000000003;FLUIDE;79392
2020-08-09;491.87;3.22;FLUIDE;79392
2020-08-10;556.7;4.02;FLUIDE;79392
2020-08-11;551.58;4.17;FLUIDE;79392
2020-08-12;558.71;4.24;FLUIDE;79392
2020-08-13;600.28;4.92;FLUIDE;79392
2020-08-14;586.87;4.76;FLUIDE;79392
2020-08-15;540.775;3.7;FLUIDE;79392
2020-08-16;507.28;3.51;FLUIDE;79392
2020-08-17;563.79;4.26;FLUIDE;79392
2020-08-18;571.99;4.48;FLUIDE;79392
2020-08-19;594.59;4.7;FLUIDE;79392
2020-08-20;600.36;4.68;FLUIDE;79392
2020-08-21;604.53;4.81;FLUIDE;79392
2020-08-22;572.81;4.095000000000001;FLUIDE;79392
2020-08-23;531.35;3.71;FLUIDE;79392
2020-08-24;645.89;5.26;FLUIDE;79392
2020-08-25;624.86;5.68;FLUIDE;79392
2020-08-26;666.3;6.13;FLUIDE;79392
2020-08-27;687.62;6.05;FLUIDE;79392
2020-08-28;696.61;6.32;FLUIDE;79392
2020-08-29;617.38;4.71;FLUIDE;79392
2020-08-30;596.93;4.43;FLUIDE;79392
2020-08-31;684.78;6.44;FLUIDE;79392
2020-09-01;605.185;5.045;FLUIDE;79392
2020-09-02;714.31;7.43;FLUIDE;79392
2020-09-03;718.2;7.58;FLUIDE;79392
2020-09-04;762.2;7.85;FLUIDE;79392
2020-09-05;699.39;5.95;FLUIDE;79392
2020-09-06;645.06;5.01;FLUIDE;79392
2020-09-07;711.65;6.81;FLUIDE;79392
2020-09-08;610.2;5.715;FLUIDE;79392
2020-09-09;735.13;8.02;FLUIDE;79392
2020-09-10;753.66;7.99;FLUIDE;79392
2020-09-11;764.48;8.09;FLUIDE;79392
2020-09-12;694.61;5.89;FLUIDE;79392
2020-09-13;665.78;5.17;FLUIDE;79392
2020-09-14;722.07;6.77;FLUIDE;79392
2020-09-15;628.87;5.8149999999999995;FLUIDE;79392
2020-09-16;741.82;8.04;FLUIDE;79392
2020-09-17;749.84;8.51;FLUIDE;79392
2020-09-18;765.08;8.18;FLUIDE;79392
2020-09-19;711.81;6.15;FLUIDE;79392
2020-09-20;627.99;4.95;FLUIDE;79392
2020-09-21;717.75;7.1;FLUIDE;79392
2020-09-22;615.995;5.7700000000000005;FLUIDE;79392
2020-09-23;735.01;8.39;FLUIDE;79392
2020-09-24;734.44;8.86;FLUIDE;79392
2020-09-25;741.65;8.57;FLUIDE;79392
2020-09-26;702.43;6.37;FLUIDE;79392
2020-09-27;530.39;3.85;FLUIDE;79392
2020-09-28;655.78;6.26;FLUIDE;79392
2020-09-29;598.065;5.8500000000000005;FLUIDE;79392
2020-09-30;736.71;8.04;FLUIDE;79392
2020-10-01;657.87;6.245;FLUIDE;79392
2020-10-02;702.0;8.63;FLUIDE;79392
2020-10-03;684.84;6.33;FLUIDE;79392
2020-10-04;618.84;4.88;FLUIDE;79392
2020-10-05;672.88;7.14;FLUIDE;79392
2020-10-06;704.5;7.59;FLUIDE;79392
2020-10-07;711.99;7.39;FLUIDE;79392
2020-10-08;634.0;5.845000000000001;FLUIDE;79392
2020-10-09;731.41;7.91;FLUIDE;79392
2020-10-10;684.96;6.04;FLUIDE;79392
2020-10-11;610.78;4.46;FLUIDE;79392
2020-10-12;685.97;6.49;FLUIDE;79392
2020-10-13;697.06;7.53;FLUIDE;79392
2020-10-14;715.26;7.78;FLUIDE;79392
2020-10-15;637.97;5.6850000000000005;FLUIDE;79392
2020-10-16;743.15;7.89;FLUIDE;79392
2020-10-17;625.44;6.04;FLUIDE;79392
2020-10-18;511.96;4.48;FLUIDE;79392
2020-10-19;629.13;6.53;FLUIDE;79392
2020-10-20;614.24;7.82;FLUIDE;79392
2020-10-21;644.56;7.22;FLUIDE;79392
2020-10-22;422.67;4.11;FLUIDE;79392
2020-10-23;649.75;6.95;FLUIDE;79392
2020-10-24;565.7;5.33;FLUIDE;79392
2020-10-25;499.26;4.31;FLUIDE;79392
2020-10-26;641.41;6.39;FLUIDE;79392
2020-10-27;618.31;7.07;FLUIDE;79392
2020-10-28;645.3;7.88;FLUIDE;79392
2020-10-29;427.025;6.305;FLUIDE;79392
2020-10-30;548.11;4.12;FLUIDE;79392
2020-10-31;375.4;2.51;FLUIDE;79392
2020-11-01;247.59000000000003;1.6099999999999999;FLUIDE;79392
2020-11-02;523.78;4.1;FLUIDE;79392
2020-11-03;541.48;4.43;FLUIDE;79392
2020-11-04;540.99;4.27;FLUIDE;79392
2020-11-05;367.385;2.945;FLUIDE;79392
2020-11-06;560.16;4.41;FLUIDE;79392
2020-11-07;354.2;2.36;FLUIDE;79392
2020-11-08;266.77;1.67;FLUIDE;79392
2020-11-09;541.77;4.26;FLUIDE;79392
2020-11-10;568.87;4.86;FLUIDE;79392
2020-11-11;315.97;1.99;FLUIDE;79392
2020-11-12;358.59;2.8400000000000003;FLUIDE;79392
2020-11-13;542.91;4.4;FLUIDE;79392
2020-11-14;376.2;2.55;FLUIDE;79392
2020-11-15;285.28;1.85;FLUIDE;79392
2020-11-16;550.15;4.46;FLUIDE;79392
2020-11-17;561.85;4.68;FLUIDE;79392
2020-11-18;577.93;4.77;FLUIDE;79392
2020-11-19;386.04499999999996;3.215;FLUIDE;79392
2020-11-20;576.29;4.78;FLUIDE;79392
2020-11-21;402.93;2.74;FLUIDE;79392
2020-11-22;310.74;1.94;FLUIDE;79392
2020-11-23;552.52;4.75;FLUIDE;79392
2020-11-24;575.71;4.9;FLUIDE;79392
2020-11-25;579.63;4.83;FLUIDE;79392
2020-11-26;403.99;3.2399999999999998;FLUIDE;79392
2020-11-27;599.74;4.91;FLUIDE;79392
2020-11-28;517.93;4.05;FLUIDE;79392
2020-11-29;429.03;2.91;FLUIDE;79392
2020-11-30;597.52;5.43;FLUIDE;79392
2020-12-01;409.105;3.945;FLUIDE;79392
2020-12-02;634.53;6.2;FLUIDE;79392
2020-12-03;623.87;6.93;FLUIDE;79392
2020-12-04;642.94;7.0;FLUIDE;79392
2020-12-05;553.41;4.78;FLUIDE;79392
2020-12-06;478.1;3.53;FLUIDE;79392
2020-12-07;617.56;5.87;FLUIDE;79392
2020-12-08;431.605;4.155;FLUIDE;79392
2020-12-09;631.75;6.71;FLUIDE;79392
2020-12-10;649.37;6.94;FLUIDE;79392
2020-12-11;629.42;7.08;FLUIDE;79392
2020-12-12;561.25;4.99;FLUIDE;79392
2020-12-13;493.8;3.65;FLUIDE;79392
2020-12-14;629.1;6.29;FLUIDE;79392
2020-12-15;452.18;4.84;FLUIDE;79392
2020-12-16;647.94;7.86;FLUIDE;79392
2020-12-17;653.73;8.18;FLUIDE;79392
2020-12-18;626.16;8.01;FLUIDE;79392
2020-12-19;572.18;6.0;FLUIDE;79392
2020-12-20;512.14;4.57;FLUIDE;79392
2020-12-21;587.94;6.69;FLUIDE;79392
2020-12-22;392.745;4.34;FLUIDE;79392
2020-12-23;589.96;7.43;FLUIDE;79392
2020-12-24;567.12;5.67;FLUIDE;79392
2020-12-25;442.64;3.07;FLUIDE;79392
2020-12-26;475.17;3.79;FLUIDE;79392
2020-12-27;410.81;2.96;FLUIDE;79392
2020-12-28;520.42;4.48;FLUIDE;79392
2020-12-29;360.59000000000003;3.075;FLUIDE;79392
2020-12-30;558.93;5.32;FLUIDE;79392
2020-12-31;526.67;4.4;FLUIDE;79392
2021-01-01;258.42;1.7999999999999998;FLUIDE;79392
2021-01-02;501.97;3.95;FLUIDE;79392
2021-01-03;469.39;3.47;FLUIDE;79392
2021-01-04;625.97;5.1;FLUIDE;79392
2021-01-05;632.06;5.49;FLUIDE;79392
2021-01-06;610.32;5.77;FLUIDE;79392
2021-01-07;621.29;5.82;FLUIDE;79392
2021-01-08;416.375;3.67;FLUIDE;79392
2021-01-09;549.19;5.18;FLUIDE;79392
2021-01-10;483.89;4.01;FLUIDE;79392
2021-01-11;603.63;5.61;FLUIDE;79392
2021-01-12;602.48;6.83;FLUIDE;79392
2021-01-13;614.36;6.62;FLUIDE;79392
2021-01-14;626.56;6.72;FLUIDE;79392
2021-01-15;427.755;4.155;FLUIDE;79392
2021-01-16;455.29;3.92;FLUIDE;79392
2021-01-17;447.62;3.97;FLUIDE;79392
2021-01-18;595.69;5.9;FLUIDE;79392
2021-01-19;602.37;6.67;FLUIDE;79392
2021-01-20;619.61;6.76;FLUIDE;79392
2021-01-21;596.82;7.13;FLUIDE;79392
2021-01-22;404.12;4.29;FLUIDE;79392
2021-01-23;524.56;5.23;FLUIDE;79392
2021-01-24;451.16;3.61;FLUIDE;79392
2021-01-25;590.27;6.18;FLUIDE;79392
2021-01-26;612.38;6.65;FLUIDE;79392
2021-01-27;607.53;6.87;FLUIDE;79392
2021-01-28;608.74;7.11;FLUIDE;79392
2021-01-29;394.405;4.265000000000001;FLUIDE;79392
2021-01-30;518.58;5.58;FLUIDE;79392
2021-01-31;452.59;4.11;FLUIDE;79392
2021-02-01;370.67;3.3600000000000003;FLUIDE;79392
2021-02-02;548.83;5.62;FLUIDE;79392
2021-02-03;597.64;6.49;FLUIDE;79392
2021-02-04;620.45;6.51;FLUIDE;79392
2021-02-05;551.41;6.08;FLUIDE;79392
2021-02-06;540.79;5.53;FLUIDE;79392
2021-02-07;447.48;3.82;FLUIDE;79392
2021-02-08;384.645;3.415;FLUIDE;79392
2021-02-09;598.95;6.37;FLUIDE;79392
2021-02-10;528.38;5.71;FLUIDE;79392
2021-02-11;581.49;7.31;FLUIDE;79392
2021-02-12;612.91;6.57;FLUIDE;79392
2021-02-13;539.58;5.72;FLUIDE;79392
2021-02-14;479.13;4.03;FLUIDE;79392
2021-02-15;377.96500000000003;3.48;FLUIDE;79392
2021-02-16;595.27;6.2;FLUIDE;79392
2021-02-17;612.77;5.9;FLUIDE;79392
2021-02-18;599.77;6.25;FLUIDE;79392
2021-02-19;609.34;6.21;FLUIDE;79392
2021-02-20;542.73;5.29;FLUIDE;79392
2021-02-21;488.81;3.99;FLUIDE;79392
2021-02-22;385.13;3.325;FLUIDE;79392
2021-02-23;594.89;5.66;FLUIDE;79392
2021-02-24;612.26;6.42;FLUIDE;79392
2021-02-25;609.32;6.38;FLUIDE;79392
2021-02-26;599.02;6.4;FLUIDE;79392
2021-02-27;545.26;5.23;FLUIDE;79392
2021-02-28;494.3;4.22;FLUIDE;79392
2021-03-01;401.04;3.705;FLUIDE;79392
2021-03-02;605.61;6.78;FLUIDE;79392
2021-03-03;628.5;6.6;FLUIDE;79392
2021-03-04;623.88;7.19;FLUIDE;79392
2021-03-05;636.67;6.95;FLUIDE;79392
2021-03-06;555.29;5.41;FLUIDE;79392
2021-03-07;497.36;4.31;FLUIDE;79392
2021-03-08;395.875;3.7;FLUIDE;79392
2021-03-09;624.73;6.49;FLUIDE;79392
2021-03-10;626.73;6.54;FLUIDE;79392
2021-03-11;622.35;7.09;FLUIDE;79392
2021-03-12;637.65;6.84;FLUIDE;79392
2021-03-13;543.04;5.03;FLUIDE;79392
2021-03-14;491.22;3.87;FLUIDE;79392
2021-03-15;400.52;3.745;FLUIDE;79392
2021-03-16;597.5;6.71;FLUIDE;79392
2021-03-17;623.27;6.98;FLUIDE;79392
2021-03-18;633.82;7.0;FLUIDE;79392
2021-03-19;649.44;8.43;FLUIDE;79392
2021-03-20;453.34;3.2;FLUIDE;79392
2021-03-21;391.15;2.58;FLUIDE;79392
2021-03-22;379.98;3.02;FLUIDE;79392
2021-03-23;610.61;5.41;FLUIDE;79392
2021-03-24;619.07;5.58;FLUIDE;79392
2021-03-25;618.65;5.51;FLUIDE;79392
2021-03-26;623.38;5.32;FLUIDE;79392
2021-03-27;503.45;3.69;FLUIDE;79392
2021-03-28;447.97;3.1;FLUIDE;79392
2021-03-29;402.64;3.045;FLUIDE;79392
2021-03-30;627.31;5.47;FLUIDE;79392
2021-03-31;635.76;5.84;FLUIDE;79392
2021-04-01;449.705;3.755;FLUIDE;79392
2021-04-02;628.65;5.68;FLUIDE;79392
2021-04-03;505.22;3.84;FLUIDE;79392
2021-04-04;423.8;2.84;FLUIDE;79392
2021-04-05;310.88;2.16;FLUIDE;79392
2021-04-06;580.78;4.97;FLUIDE;79392
2021-04-07;599.05;5.21;FLUIDE;79392
2021-04-08;613.95;5.16;FLUIDE;79392
2021-04-09;604.36;5.34;FLUIDE;79392
2021-04-10;481.12;3.8;FLUIDE;79392
2021-04-11;415.32;2.88;FLUIDE;79392
2021-04-12;378.45500000000004;3.1950000000000003;FLUIDE;79392
2021-04-13;591.1;5.43;FLUIDE;79392
2021-04-14;606.56;5.43;FLUIDE;79392
2021-04-15;607.01;5.46;FLUIDE;79392
2021-04-16;598.46;5.28;FLUIDE;79392
2021-04-17;492.95;3.89;FLUIDE;79392
2021-04-18;426.16;3.06;FLUIDE;79392
2021-04-19;393.215;3.085;FLUIDE;79392
2021-04-20;586.29;5.06;FLUIDE;79392
2021-04-21;590.32;5.11;FLUIDE;79392
2021-04-22;592.56;5.04;FLUIDE;79392
2021-04-23;625.05;5.69;FLUIDE;79392
2021-04-24;525.68;4.17;FLUIDE;79392
2021-04-25;497.58;3.73;FLUIDE;79392
2021-04-26;418.005;3.38;FLUIDE;79392
2021-04-27;614.91;5.47;FLUIDE;79392
2021-04-28;618.67;5.68;FLUIDE;79392
2021-04-29;634.89;5.76;FLUIDE;79392
2021-04-30;635.88;5.87;FLUIDE;79392
2021-05-01;385.955;2.885;FLUIDE;79392
2021-05-02;472.55;3.57;FLUIDE;79392
2021-05-03;623.32;5.9;FLUIDE;79392
2021-05-04;643.43;6.66;FLUIDE;79392
2021-05-05;647.43;7.11;FLUIDE;79392
2021-05-06;634.53;7.28;FLUIDE;79392
2021-05-07;657.68;7.28;FLUIDE;79392
2021-05-08;433.91999999999996;3.375;FLUIDE;79392
2021-05-09;503.54;4.43;FLUIDE;79392
2021-05-10;626.04;6.33;FLUIDE;79392
2021-05-11;649.6;7.25;FLUIDE;79392
2021-05-12;646.51;8.41;FLUIDE;79392
2021-05-13;521.14;3.83;FLUIDE;79392
2021-05-14;555.25;4.6;FLUIDE;79392
2021-05-15;388.09000000000003;2.86;FLUIDE;79392
2021-05-16;491.08;3.62;FLUIDE;79392
2021-05-17;632.22;6.06;FLUIDE;79392
2021-05-18;642.78;6.95;FLUIDE;79392
2021-05-19;668.4;8.13;FLUIDE;79392
2021-05-20;685.79;7.75;FLUIDE;79392
2021-05-21;687.4;8.05;FLUIDE;79392
2021-05-22;491.375;4.1850000000000005;FLUIDE;79392
2021-05-23;552.83;4.68;FLUIDE;79392
2021-05-24;551.81;4.64;FLUIDE;79392
2021-05-25;640.31;7.88;FLUIDE;79392
2021-05-26;666.96;7.7;FLUIDE;79392
2021-05-27;689.91;7.81;FLUIDE;79392
2021-05-28;670.12;7.95;FLUIDE;79392
2021-05-29;528.71;4.7250000000000005;FLUIDE;79392
2021-05-30;615.62;5.83;FLUIDE;79392
2021-05-31;669.25;7.26;FLUIDE;79392
2021-06-01;518.64;5.125;FLUIDE;79392
2021-06-02;656.92;7.4;FLUIDE;79392
2021-06-03;680.6;7.83;FLUIDE;79392
2021-06-04;663.8;8.15;FLUIDE;79392
2021-06-05;626.07;6.11;FLUIDE;79392
2021-06-06;596.61;5.55;FLUIDE;79392
2021-06-07;651.98;7.07;FLUIDE;79392
2021-06-08;510.93;5.13;FLUIDE;79392
2021-06-09;694.52;8.46;FLUIDE;79392
2021-06-10;732.21;8.52;FLUIDE;79392
2021-06-11;716.19;9.11;FLUIDE;79392
2021-06-12;675.03;6.63;FLUIDE;79392
2021-06-13;635.81;5.65;FLUIDE;79392
2021-06-14;696.1;7.18;FLUIDE;79392
2021-06-15;652.7249999999999;6.39;FLUIDE;79392
2021-06-16;716.48;8.45;FLUIDE;79392
2021-06-17;705.5;8.54;FLUIDE;76084
2021-06-18;721.65;8.48;FLUIDE;79392
2021-06-19;649.32;6.08;FLUIDE;79392
2021-06-20;621.24;5.62;FLUIDE;79392
2021-06-21;706.19;7.67;FLUIDE;79392
2021-06-22;678.38;7.37;FLUIDE;79392
2021-06-23;720.4;8.34;FLUIDE;79392
2021-06-24;745.22;8.72;FLUIDE;79392
2021-06-25;742.2;8.23;FLUIDE;79392
2021-06-26;675.09;6.63;FLUIDE;79392
2021-06-27;656.31;5.76;FLUIDE;79392
2021-06-28;695.1;7.49;FLUIDE;79392
2021-06-29;580.425;6.17;FLUIDE;79392
2021-06-30;723.95;9.2;FLUIDE;79392
2021-07-01;680.66;7.5200000000000005;FLUIDE;79392
2021-07-02;759.19;8.44;FLUIDE;79392
2021-07-03;727.81;6.8;FLUIDE;79392
2021-07-04;678.55;6.07;FLUIDE;79392
2021-07-05;716.5;7.44;FLUIDE;79392
2021-07-06;649.22;6.385;FLUIDE;79392
2021-07-07;756.09;8.63;FLUIDE;79392
2021-07-08;757.51;8.9;FLUIDE;79392
2021-07-09;764.72;8.14;FLUIDE;79392
2021-07-10;702.2;6.19;FLUIDE;79392
2021-07-11;657.18;5.2;FLUIDE;79392
2021-07-12;698.57;6.76;FLUIDE;79392
2021-07-13;593.55;6.18;FLUIDE;79392
2021-07-14;572.57;4.38;FLUIDE;79392
2021-07-15;736.76;7.04;FLUIDE;79392
2021-07-16;712.99;6.59;FLUIDE;79392
2021-07-17;670.77;5.47;FLUIDE;79392
2021-07-18;628.08;5.05;FLUIDE;79392
2021-07-19;705.05;6.54;FLUIDE;79392
2021-07-20;625.8050000000001;5.305;FLUIDE;79392
2021-07-21;724.55;7.06;FLUIDE;79392
2021-07-22;734.93;7.25;FLUIDE;79392
2021-07-23;731.79;6.62;FLUIDE;79392
2021-07-24;654.57;5.18;FLUIDE;79392
2021-07-25;605.59;4.52;FLUIDE;79392
2021-07-26;667.57;5.74;FLUIDE;79392
2021-07-27;588.76;5.085;FLUIDE;79392
2021-07-28;692.73;6.59;FLUIDE;79392
2021-07-29;717.67;6.66;FLUIDE;79392
2021-07-30;713.99;6.37;FLUIDE;79392
2021-07-31;636.15;4.88;FLUIDE;79392
2021-08-01;622.8399999999999;4.54;FLUIDE;79392
2021-08-02;602.92;4.75;FLUIDE;79392
2021-08-03;582.51;4.74;FLUIDE;79392
2021-08-04;607.44;4.75;FLUIDE;79392
2021-08-05;636.66;5.12;FLUIDE;76084
2021-08-06;608.13;5.15;FLUIDE;79392
2021-08-07;549.16;4.29;FLUIDE;79392
2021-08-08;547.165;3.895;FLUIDE;79392
2021-08-09;558.0;4.2;FLUIDE;79392
2021-08-10;555.97;4.36;FLUIDE;79392
2021-08-11;560.83;4.43;FLUIDE;79392
2021-08-12;572.21;4.35;FLUIDE;79392
2021-08-13;565.66;4.49;FLUIDE;79392
2021-08-14;517.32;3.9;FLUIDE;79392
2021-08-15;552.525;3.99;FLUIDE;79392
2021-08-16;539.04;4.15;FLUIDE;79392
2021-08-17;538.57;4.37;FLUIDE;79392
2021-08-18;547.06;4.15;FLUIDE;79392
2021-08-19;568.98;4.3;FLUIDE;79392
2021-08-20;554.18;4.36;FLUIDE;79392
2021-08-21;548.91;4.09;FLUIDE;79392
2021-08-22;558.315;4.025;FLUIDE;79392
2021-08-23;591.59;4.65;FLUIDE;79392
2021-08-24;624.49;5.19;FLUIDE;79392
2021-08-25;642.7;5.63;FLUIDE;79392
2021-08-26;661.56;5.73;FLUIDE;79392
2021-08-27;707.11;6.17;FLUIDE;79392
2021-08-28;629.34;5.05;FLUIDE;79392
2021-08-29;646.485;4.890000000000001;FLUIDE;79392
2021-08-30;683.53;6.29;FLUIDE;79392
2021-08-31;701.71;7.08;FLUIDE;79392
2021-09-01;645.61;5.84;FLUIDE;79392
2021-09-02;701.73;6.83;FLUIDE;79392
2021-09-03;736.18;7.52;FLUIDE;79392
2021-09-04;681.25;6.26;FLUIDE;79392
2021-09-05;640.87;5.92;FLUIDE;79392
2021-09-06;695.5;7.42;FLUIDE;79392
2021-09-07;709.98;7.4;FLUIDE;79392
2021-09-08;668.5550000000001;6.58;FLUIDE;79392
2021-09-09;728.22;8.57;FLUIDE;79392
2021-09-10;751.84;8.81;FLUIDE;79392
2021-09-11;707.77;7.12;FLUIDE;79392
2021-09-12;680.14;6.01;FLUIDE;79392
2021-09-13;681.79;7.91;FLUIDE;79392
2021-09-14;704.05;8.33;FLUIDE;79392
2021-09-15;630.79;6.629999999999999;FLUIDE;79392
2021-09-16;722.22;7.41;FLUIDE;79392
2021-09-17;757.63;8.69;FLUIDE;79392
2021-09-18;705.36;7.0;FLUIDE;79392
2021-09-19;586.52;4.86;FLUIDE;79392
2021-09-20;688.03;7.32;FLUIDE;79392
2021-09-21;703.69;7.47;FLUIDE;79392
2021-09-22;645.875;6.435;FLUIDE;79392
2021-09-23;738.36;8.64;FLUIDE;79392
2021-09-24;751.82;8.74;FLUIDE;79392
2021-09-25;702.67;6.98;FLUIDE;79392
2021-09-26;669.63;6.21;FLUIDE;79392
2021-09-27;691.1;7.5;FLUIDE;79392
2021-09-28;701.85;8.17;FLUIDE;79392
2021-09-29;685.675;6.8950000000000005;FLUIDE;79392
2021-09-30;739.29;9.03;FLUIDE;79392
2021-10-01;710.34;7.195;FLUIDE;79392
2021-10-02;695.91;7.29;FLUIDE;79392
2021-10-03;666.47;6.26;FLUIDE;79392
2021-10-04;712.79;7.48;FLUIDE;79392
2021-10-05;704.73;8.68;FLUIDE;79392
2021-10-06;729.53;8.64;FLUIDE;79392
2021-10-07;737.86;8.87;FLUIDE;79392
2021-10-08;708.56;6.915;FLUIDE;79392
2021-10-09;720.53;6.99;FLUIDE;79392
2021-10-10;678.85;6.41;FLUIDE;79392
2021-10-11;704.57;7.1;FLUIDE;79392
2021-10-12;707.37;8.2;FLUIDE;79392
2021-10-13;702.84;8.39;FLUIDE;79392
2021-10-14;719.38;8.59;FLUIDE;79392
2021-10-15;707.475;7.0;FLUIDE;79392
2021-10-16;713.6;6.85;FLUIDE;79392
2021-10-17;661.13;6.04;FLUIDE;79392
2021-10-18;691.99;6.99;FLUIDE;79392
2021-10-19;687.76;8.34;FLUIDE;79392
2021-10-20;720.33;8.03;FLUIDE;79392
2021-10-21;699.29;9.37;FLUIDE;79392
2021-10-22;678.735;6.495000000000001;FLUIDE;79392
2021-10-23;689.24;6.74;FLUIDE;79392
2021-10-24;652.96;5.95;FLUIDE;79392
2021-10-25;656.75;6.83;FLUIDE;79392
2021-10-26;677.89;7.72;FLUIDE;76084
2021-10-27;666.55;7.78;FLUIDE;79392
2021-10-28;697.29;8.47;FLUIDE;79392
2021-10-29;673.5699999999999;6.680000000000001;FLUIDE;79392
2021-10-30;643.64;6.51;FLUIDE;79392
2021-10-31;604.91;5.68;FLUIDE;79392
2021-11-01;588.355;4.71;FLUIDE;79392
2021-11-02;661.37;7.38;FLUIDE;79392
2021-11-03;677.44;7.86;FLUIDE;79392
2021-11-04;702.16;8.36;FLUIDE;79392
2021-11-05;707.9;7.77;FLUIDE;79392
2021-11-06;695.98;6.68;FLUIDE;79392
2021-11-07;654.7;5.57;FLUIDE;79392
2021-11-08;567.545;5.095;FLUIDE;79392
2021-11-09;688.14;8.06;FLUIDE;79392
2021-11-10;713.35;8.97;FLUIDE;79392
2021-11-11;630.06;5.55;FLUIDE;79392
2021-11-12;677.36;6.46;FLUIDE;79392
2021-11-13;657.21;5.91;FLUIDE;79392
2021-11-14;649.77;5.37;FLUIDE;79392
2021-11-15;576.71;5.215;FLUIDE;79392
2021-11-16;676.69;7.61;FLUIDE;79392
2021-11-17;707.02;8.03;FLUIDE;79392
2021-11-18;725.38;8.47;FLUIDE;79392
2021-11-19;748.55;8.02;FLUIDE;79392
2021-11-20;711.1;6.79;FLUIDE;79392
2021-11-21;658.93;5.87;FLUIDE;79392
2021-11-22;578.645;5.21;FLUIDE;79392
2021-11-23;696.0;8.37;FLUIDE;79392
2021-11-24;711.08;7.98;FLUIDE;79392
2021-11-25;728.31;8.29;FLUIDE;79392
2021-11-26;733.73;8.2;FLUIDE;79392
2021-11-27;687.74;6.88;FLUIDE;79392
2021-11-28;660.65;5.87;FLUIDE;79392
2021-11-29;570.05;5.095000000000001;FLUIDE;79392
2021-11-30;691.61;7.91;FLUIDE;79392
2021-12-01;627.08;6.385;FLUIDE;79392
2021-12-02;720.71;8.59;FLUIDE;79392
2021-12-03;716.5;8.69;FLUIDE;79392
2021-12-04;694.7;7.12;FLUIDE;79392
2021-12-05;660.89;6.48;FLUIDE;79392
2021-12-06;655.07;6.73;FLUIDE;79392
2021-12-07;687.3;8.27;FLUIDE;79392
2021-12-08;636.3199999999999;5.905;FLUIDE;79392
2021-12-09;702.71;8.67;FLUIDE;79392
2021-12-10;725.9;8.41;FLUIDE;79392
2021-12-11;695.81;7.17;FLUIDE;79392
2021-12-12;657.63;6.15;FLUIDE;79392
2021-12-13;653.6;6.88;FLUIDE;79392
2021-12-14;698.7;7.67;FLUIDE;79392
2021-12-15;628.995;6.279999999999999;FLUIDE;79392
2021-12-16;707.56;8.41;FLUIDE;79392
2021-12-17;741.04;8.37;FLUIDE;79392
2021-12-18;695.44;7.14;FLUIDE;79392
2021-12-19;645.21;6.34;FLUIDE;79392
2021-12-20;668.87;7.0;FLUIDE;79392
2021-12-21;677.48;7.71;FLUIDE;79392
2021-12-22;608.4549999999999;6.0;FLUIDE;79392
2021-12-23;675.53;7.67;FLUIDE;79392
2021-12-24;616.32;5.55;FLUIDE;79392
2021-12-25;516.89;3.91;FLUIDE;79392
2021-12-26;534.93;4.39;FLUIDE;79392
2021-12-27;588.88;5.17;FLUIDE;79392
2021-12-28;594.74;5.6;FLUIDE;79392
2021-12-29;551.35;4.695;FLUIDE;79392
2021-12-30;621.39;6.01;FLUIDE;79392
2021-12-31;613.68;5.13;FLUIDE;79392
2022-01-01;578.8399999999999;4.84;FLUIDE;79392
2022-01-02;539.27;4.33;FLUIDE;79392
2022-01-03;558.79;4.69;FLUIDE;79392
2022-01-04;612.93;5.48;FLUIDE;79392
2022-01-05;479.41;5.12;FLUIDE;79392
2022-01-06;583.79;5.62;FLUIDE;79392
2022-01-07;653.41;5.86;FLUIDE;79392
2022-01-08;563.4549999999999;4.55;FLUIDE;79392
2022-01-09;550.92;4.27;FLUIDE;79392
2022-01-10;618.41;5.45;FLUIDE;79392
2022-01-11;641.19;5.95;FLUIDE;79392
2022-01-12;643.01;5.94;FLUIDE;79392
2022-01-13;659.59;6.07;FLUIDE;79392
2022-01-14;675.89;6.29;FLUIDE;79392
2022-01-15;606.415;5.05;FLUIDE;79392
2022-01-16;571.5;4.49;FLUIDE;79392
2022-01-17;620.3;5.53;FLUIDE;79392
2022-01-18;644.38;6.39;FLUIDE;79392
2022-01-19;639.57;6.35;FLUIDE;79392
2022-01-20;671.15;6.61;FLUIDE;79392
2022-01-21;702.44;6.45;FLUIDE;79392
2022-01-22;624.135;4.96;FLUIDE;79392
2022-01-23;604.14;4.65;FLUIDE;79392
2022-01-24;646.38;5.79;FLUIDE;79392
2022-01-25;657.24;6.45;FLUIDE;79392
2022-01-26;670.77;6.35;FLUIDE;79392
2022-01-27;690.12;6.74;FLUIDE;79392
2022-01-28;700.68;6.81;FLUIDE;79392
2022-01-29;623.81;5.265000000000001;FLUIDE;79392
2022-01-30;622.59;5.4;FLUIDE;79392
2022-01-31;648.96;6.18;FLUIDE;79392
2022-02-01;524.5899999999999;4.9;FLUIDE;79392
2022-02-02;672.94;6.83;FLUIDE;79392
2022-02-03;676.56;7.17;FLUIDE;79392
2022-02-04;696.09;7.4;FLUIDE;79392
2022-02-05;669.87;6.61;FLUIDE;79392
2022-02-06;600.64;5.49;FLUIDE;79392
2022-02-07;666.21;6.68;FLUIDE;79392
2022-02-08;564.655;5.195;FLUIDE;79392
2022-02-09;691.02;7.6;FLUIDE;79392
2022-02-10;694.85;7.89;FLUIDE;79392
2022-02-11;688.12;7.68;FLUIDE;79392
2022-02-12;632.53;5.61;FLUIDE;79392
2022-02-13;632.8;5.72;FLUIDE;79392
2022-02-14;687.23;7.55;FLUIDE;76084
2022-02-15;624.97;6.47;FLUIDE;79392
2022-02-16;714.13;8.09;FLUIDE;79392
2022-02-17;730.64;8.6;FLUIDE;79392
2022-02-18;772.56;10.84;FLUIDE;79392
2022-02-19;714.29;7.06;FLUIDE;79392
2022-02-20;653.27;5.66;FLUIDE;79392
2022-02-21;652.59;6.09;FLUIDE;79392
2022-02-22;554.78;5.035;FLUIDE;79392
2022-02-23;687.32;6.78;FLUIDE;79392
2022-02-24;686.72;6.99;FLUIDE;79392
2022-02-25;703.51;7.06;FLUIDE;79392
2022-02-26;687.21;5.93;FLUIDE;79392
2022-02-27;644.22;5.44;FLUIDE;79392
2022-02-28;619.74;5.82;FLUIDE;79392
2022-03-01;563.075;4.885;FLUIDE;79392
2022-03-02;693.89;6.73;FLUIDE;79392
2022-03-03;704.4;7.02;FLUIDE;79392
2022-03-04;570.77;4.97;FLUIDE;43004
2022-03-09;;;FLUIDE;26464
2022-03-10;;;FLUIDE;79392
2022-03-11;;;FLUIDE;79392
2022-03-12;;;FLUIDE;79392
2022-03-13;;;FLUIDE;79392
2022-03-14;;;FLUIDE;79392
2022-03-15;628.29;8.5;FLUIDE;79392
2022-03-16;497.31;7.12;FLUIDE;79392
2022-03-17;543.8;7.59;FLUIDE;79392
2022-03-18;758.36;8.14;FLUIDE;79392
2022-03-19;721.32;6.71;FLUIDE;79392
2022-03-20;687.25;5.97;FLUIDE;79392
2022-03-21;697.13;6.58;FLUIDE;79392
2022-03-22;596.9100000000001;5.475;FLUIDE;79392
2022-03-23;709.9;7.6;FLUIDE;79392
2022-03-24;744.76;7.96;FLUIDE;79392
2022-03-25;752.25;7.69;FLUIDE;79392
2022-03-26;710.9;6.28;FLUIDE;79392
2022-03-27;705.92;5.81;FLUIDE;79392
2022-03-28;696.56;6.47;FLUIDE;79392
2022-03-29;584.775;5.445;FLUIDE;79392
2022-03-30;704.32;7.53;FLUIDE;79392
2022-03-31;695.41;8.13;FLUIDE;79392
2022-04-01;687.04;6.275;FLUIDE;79392
2022-04-02;668.74;5.94;FLUIDE;79392
2022-04-03;612.96;5.48;FLUIDE;79392
2022-04-04;682.9;6.81;FLUIDE;79392
2022-04-05;569.515;5.44;FLUIDE;79392
2022-04-06;703.03;7.63;FLUIDE;79392
2022-04-07;729.68;8.06;FLUIDE;79392
2022-04-08;707.74;8.52;FLUIDE;79392
2022-04-09;684.44;6.48;FLUIDE;79392
2022-04-10;686.51;6.27;FLUIDE;79392
2022-04-11;708.61;6.97;FLUIDE;79392
2022-04-12;640.485;5.93;FLUIDE;79392
2022-04-13;702.94;8.31;FLUIDE;79392
2022-04-14;740.9;8.46;FLUIDE;79392
2022-04-15;754.55;8.54;FLUIDE;79392
2022-04-16;693.21;6.57;FLUIDE;79392
2022-04-17;644.07;5.42;FLUIDE;79392
2022-04-18;606.68;4.73;FLUIDE;79392
2022-04-19;669.0350000000001;5.91;FLUIDE;79392
2022-04-20;713.93;7.86;FLUIDE;79392
2022-04-21;731.53;8.24;FLUIDE;79392
2022-04-22;745.65;7.78;FLUIDE;79392
2022-04-23;708.06;6.5;FLUIDE;79392
2022-04-24;685.33;6.03;FLUIDE;79392
2022-04-25;688.81;6.35;FLUIDE;79392
2022-04-26;623.105;5.455;FLUIDE;79392
2022-04-27;656.68;6.94;FLUIDE;79392
2022-04-28;517.89;6.74;FLUIDE;79392
2022-04-29;633.96;7.06;FLUIDE;79392
2022-04-30;697.04;6.18;FLUIDE;79392
2022-05-01;709.655;6.0;FLUIDE;79392
2022-05-02;687.57;5.66;FLUIDE;79392
2022-05-03;639.925;5.8100000000000005;FLUIDE;79392
2022-05-04;711.08;7.15;FLUIDE;79392
2022-05-05;724.62;7.41;FLUIDE;79392
2022-05-06;744.68;7.63;FLUIDE;79392
2022-05-07;713.06;6.61;FLUIDE;79392
2022-05-08;688.05;5.95;FLUIDE;79392
2022-05-09;705.11;7.43;FLUIDE;79392
2022-05-10;646.825;6.470000000000001;FLUIDE;79392
2022-05-11;741.14;8.42;FLUIDE;79392
2022-05-12;755.75;8.97;FLUIDE;79392
2022-05-13;764.92;9.07;FLUIDE;79392
2022-05-14;718.23;6.9;FLUIDE;79392
2022-05-15;707.94;6.31;FLUIDE;79392
2022-05-16;700.93;7.45;FLUIDE;79392
2022-05-17;654.885;6.4;FLUIDE;79392
2022-05-18;734.93;8.59;FLUIDE;79392
2022-05-19;747.77;8.71;FLUIDE;79392
2022-05-20;753.52;8.59;FLUIDE;79392
2022-05-21;709.55;6.98;FLUIDE;79392
2022-05-22;695.31;5.99;FLUIDE;79392
2022-05-23;678.16;7.26;FLUIDE;79392
2022-05-24;630.11;6.255000000000001;FLUIDE;79392
2022-05-25;730.37;8.8;FLUIDE;79392
2022-05-26;651.8;5.63;FLUIDE;79392
2022-05-27;678.95;6.53;FLUIDE;79392
2022-05-28;658.02;5.91;FLUIDE;79392
2022-05-29;660.74;5.75;FLUIDE;79392
2022-05-30;707.17;7.33;FLUIDE;79392
2022-05-31;663.4100000000001;6.255;FLUIDE;79392
2022-06-01;684.0699999999999;6.9399999999999995;FLUIDE;79392
2022-06-02;746.99;8.78;FLUIDE;79392
2022-06-03;754.87;8.7;FLUIDE;79392
2022-06-04;711.99;6.9;FLUIDE;79392
2022-06-05;673.33;5.63;FLUIDE;79392
2022-06-06;637.59;5.04;FLUIDE;79392
2022-06-07;707.17;8.32;FLUIDE;79392
2022-06-08;672.27;6.7749999999999995;FLUIDE;79392
2022-06-09;747.17;8.81;FLUIDE;79392
2022-06-10;759.97;8.78;FLUIDE;79392
2022-06-11;728.35;6.71;FLUIDE;79392
2022-06-12;714.66;6.4;FLUIDE;79392
2022-06-13;712.21;7.82;FLUIDE;79392
2022-06-14;730.43;8.38;FLUIDE;79392
2022-06-15;708.585;7.155;FLUIDE;79392
2022-06-16;755.15;8.96;FLUIDE;79392
2022-06-17;768.26;8.65;FLUIDE;79392
2022-06-18;708.16;5.96;FLUIDE;79392
2022-06-19;701.88;6.37;FLUIDE;79392
2022-06-20;713.01;7.67;FLUIDE;79392
2022-06-21;736.06;8.81;FLUIDE;79392
2022-06-22;762.685;8.43;FLUIDE;79392
2022-06-23;756.3;8.9;FLUIDE;79392
2022-06-24;782.37;8.93;FLUIDE;79392
2022-06-25;736.18;7.05;FLUIDE;79392
2022-06-26;712.65;6.19;FLUIDE;79392
2022-06-27;740.08;7.66;FLUIDE;79392
2022-06-28;753.93;8.54;FLUIDE;79392
2022-06-29;729.01;7.475;FLUIDE;79392
2022-06-30;756.19;9.1;FLUIDE;79392
2022-07-01;751.8050000000001;6.965;FLUIDE;79392
2022-07-02;725.99;6.59;FLUIDE;79392
2022-07-03;704.88;6.03;FLUIDE;79392
2022-07-04;725.28;7.47;FLUIDE;79392
2022-07-05;733.63;8.4;FLUIDE;79392
2022-07-06;708.4449999999999;7.9350000000000005;FLUIDE;79392
2022-07-07;758.0;8.46;FLUIDE;79392
2022-07-08;759.04;8.26;FLUIDE;79392
2022-07-09;689.73;5.38;FLUIDE;79392
2022-07-10;681.59;5.49;FLUIDE;79392
2022-07-11;707.45;7.08;FLUIDE;79392
2022-07-12;722.33;7.46;FLUIDE;79392
2022-07-13;702.02;6.24;FLUIDE;79392
2022-07-14;545.26;4.22;FLUIDE;79392
2022-07-15;654.97;5.94;FLUIDE;79392
2022-07-16;647.55;5.01;FLUIDE;79392
2022-07-17;633.09;4.65;FLUIDE;79392
2022-07-18;708.76;6.73;FLUIDE;79392
2022-07-19;715.75;7.18;FLUIDE;79392
2022-07-20;686.36;6.8500000000000005;FLUIDE;79392
2022-07-21;733.15;7.41;FLUIDE;79392
2022-07-22;737.72;7.14;FLUIDE;79392
2022-07-23;673.01;5.29;FLUIDE;79392
2022-07-24;649.08;5.04;FLUIDE;79392
2022-07-25;745.88;6.91;FLUIDE;79392
2022-07-26;752.6;7.07;FLUIDE;79392
2022-07-27;705.7;6.029999999999999;FLUIDE;79392
2022-07-28;721.78;6.81;FLUIDE;79392
2022-07-29;710.37;6.54;FLUIDE;79392
2022-07-30;658.9;5.0;FLUIDE;79392
2022-07-31;626.76;4.62;FLUIDE;79392
2022-08-01;630.145;4.655;FLUIDE;79392
2022-08-02;621.27;5.21;FLUIDE;79392
2022-08-03;615.73;4.5649999999999995;FLUIDE;79392
2022-08-04;652.04;5.4;FLUIDE;79392
2022-08-05;652.54;5.27;FLUIDE;79392
2022-08-06;606.84;4.57;FLUIDE;79392
2022-08-07;568.21;4.06;FLUIDE;79392
2022-08-08;592.46;4.49;FLUIDE;79392
2022-08-09;570.14;4.35;FLUIDE;79392
2022-08-10;552.9649999999999;3.9749999999999996;FLUIDE;79392
2022-08-11;593.35;4.39;FLUIDE;79392
2022-08-12;608.87;4.54;FLUIDE;79392
2022-08-13;576.5;3.93;FLUIDE;79392
2022-08-14;534.25;3.66;FLUIDE;79392
2022-08-15;485.89;3.22;FLUIDE;79392
2022-08-16;567.04;4.37;FLUIDE;79392
2022-08-17;500.05500000000006;3.8499999999999996;FLUIDE;79392
2022-08-18;581.1;4.42;FLUIDE;79392
2022-08-19;606.31;4.43;FLUIDE;79392
2022-08-20;586.86;4.16;FLUIDE;79392
2022-08-21;572.67;3.78;FLUIDE;79392
2022-08-22;626.59;4.52;FLUIDE;79392
2022-08-23;644.91;4.83;FLUIDE;79392
2022-08-24;608.875;4.365;FLUIDE;79392
2022-08-25;673.22;5.36;FLUIDE;79392
2022-08-26;688.27;5.57;FLUIDE;79392
2022-08-27;606.33;4.82;FLUIDE;79392
2022-08-28;588.01;4.58;FLUIDE;79392
2022-08-29;704.03;6.13;FLUIDE;79392
2022-08-30;725.2;6.95;FLUIDE;79392
2022-08-31;683.0550000000001;5.845;FLUIDE;79392
2022-09-01;678.97;5.585;FLUIDE;79392
2022-09-02;737.17;7.46;FLUIDE;79392
2022-09-03;701.1;6.16;FLUIDE;79392
2022-09-04;686.23;5.65;FLUIDE;79392
2022-09-05;712.46;7.04;FLUIDE;79392
2022-09-06;723.0;8.21;FLUIDE;79392
2022-09-07;746.49;8.02;FLUIDE;79392
2022-09-08;671.645;6.395;FLUIDE;79392
2022-09-09;778.98;8.2;FLUIDE;79392
2022-09-10;721.19;6.76;FLUIDE;79392
2022-09-11;699.21;5.88;FLUIDE;79392
2022-09-12;729.83;7.4;FLUIDE;79392
2022-09-13;743.71;7.78;FLUIDE;79392
2022-09-14;758.37;7.91;FLUIDE;79392
2022-09-15;711.03;6.775;FLUIDE;79392
2022-09-16;796.22;8.13;FLUIDE;79392
2022-09-17;750.27;7.0;FLUIDE;79392
2022-09-18;613.39;4.97;FLUIDE;79392
2022-09-19;730.37;7.23;FLUIDE;79392
2022-09-20;731.7;7.9;FLUIDE;79392
2022-09-21;751.71;8.08;FLUIDE;79392
2022-09-22;715.5450000000001;7.01;FLUIDE;79392
2022-09-23;767.66;8.24;FLUIDE;79392
2022-09-24;698.67;7.24;FLUIDE;79392
2022-09-25;703.18;6.32;FLUIDE;79392
2022-09-26;693.29;7.47;FLUIDE;79392
2022-09-27;712.33;8.42;FLUIDE;79392
2022-09-28;740.11;8.65;FLUIDE;79392
2022-09-29;710.2049999999999;7.26;FLUIDE;79392
2022-09-30;774.86;9.01;FLUIDE;79392
2022-10-01;729.7;7.265;FLUIDE;79392
2022-10-02;694.31;7.06;FLUIDE;79392
2022-10-03;702.62;7.73;FLUIDE;79392
2022-10-04;683.37;8.11;FLUIDE;79392
2022-10-05;702.37;7.31;FLUIDE;79392
2022-10-06;732.95;8.64;FLUIDE;79392
2022-10-07;727.59;7.99;FLUIDE;79392
2022-10-08;684.63;6.0649999999999995;FLUIDE;79392
2022-10-09;627.64;5.28;FLUIDE;79392
2022-10-10;637.2;5.81;FLUIDE;79392
2022-10-11;649.58;6.21;FLUIDE;79392
2022-10-12;663.31;6.4;FLUIDE;79392
2022-10-13;648.47;6.9;FLUIDE;79392
2022-10-14;690.93;7.07;FLUIDE;79392
2022-10-15;680.86;6.015;FLUIDE;76084
2022-10-16;662.45;5.4;FLUIDE;79392
2022-10-17;657.47;6.75;FLUIDE;79392
2022-10-18;670.13;6.36;FLUIDE;79392
2022-10-19;664.22;7.47;FLUIDE;79392
2022-10-20;676.22;7.88;FLUIDE;79392
2022-10-21;721.8;7.89;FLUIDE;79392
2022-10-22;692.3399999999999;6.425000000000001;FLUIDE;79392
2022-10-23;665.86;5.88;FLUIDE;79392
2022-10-24;675.68;6.77;FLUIDE;79392
2022-10-25;664.66;7.5;FLUIDE;79392
2022-10-26;699.46;8.17;FLUIDE;79392
2022-10-27;664.35;7.73;FLUIDE;79392
2022-10-28;700.88;7.82;FLUIDE;79392
2022-10-29;561.875;5.95;FLUIDE;79392
2022-10-30;637.5;5.68;FLUIDE;79392
2022-10-31;646.02;5.83;FLUIDE;79392
2022-11-01;608.75;4.904999999999999;FLUIDE;79392
2022-11-02;671.56;7.64;FLUIDE;79392
2022-11-03;688.77;7.88;FLUIDE;79392
2022-11-04;742.44;7.69;FLUIDE;79392
2022-11-05;715.48;6.175000000000001;FLUIDE;79392
2022-11-06;654.36;5.73;FLUIDE;79392
2022-11-07;689.22;7.02;FLUIDE;79392
2022-11-08;685.12;7.93;FLUIDE;79392
2022-11-09;720.56;8.63;FLUIDE;79392
2022-11-10;718.36;11.79;FLUIDE;79392
2022-11-11;640.02;6.35;FLUIDE;79392
2022-11-12;666.79;6.215;FLUIDE;79392
2022-11-13;418.97;5.17;FLUIDE;79392
2022-11-14;485.88;6.32;FLUIDE;79392
2022-11-15;661.43;8.33;FLUIDE;79392
2022-11-16;685.59;8.47;FLUIDE;79392
2022-11-17;719.01;8.76;FLUIDE;79392
2022-11-18;739.97;8.33;FLUIDE;79392
2022-11-19;711.51;6.640000000000001;FLUIDE;79392
2022-11-20;665.6;5.94;FLUIDE;79392
2022-11-21;647.75;7.12;FLUIDE;79392
2022-11-22;670.97;8.04;FLUIDE;79392
2022-11-23;688.18;8.15;FLUIDE;79392
2022-11-24;699.06;8.74;FLUIDE;79392
2022-11-25;725.31;8.21;FLUIDE;79392
2022-11-26;694.005;6.3149999999999995;FLUIDE;79392
2022-11-27;652.31;6.19;FLUIDE;79392
2022-11-28;674.13;6.78;FLUIDE;79392
2022-11-29;666.11;7.74;FLUIDE;79392
2022-11-30;700.8;7.78;FLUIDE;79392
2022-12-01;654.865;6.5649999999999995;FLUIDE;79392
2022-12-02;702.9;8.78;FLUIDE;79392
2022-12-03;672.425;6.515000000000001;FLUIDE;79392
2022-12-04;654.6;6.0;FLUIDE;79392
2022-12-05;645.44;7.43;FLUIDE;79392
2022-12-06;684.95;8.37;FLUIDE;79392
2022-12-07;678.12;8.09;FLUIDE;79392
2022-12-08;693.18;8.4;FLUIDE;79392
2022-12-09;735.88;8.41;FLUIDE;79392
2022-12-10;704.915;6.734999999999999;FLUIDE;79392
2022-12-11;651.96;6.56;FLUIDE;79392
2022-12-12;673.77;7.4;FLUIDE;79392
2022-12-13;661.81;8.58;FLUIDE;79392
2022-12-14;651.26;6.84;FLUIDE;79392
2022-12-15;729.74;8.87;FLUIDE;79392
2022-12-16;736.27;8.86;FLUIDE;79392
2022-12-17;709.635;6.734999999999999;FLUIDE;79392
2022-12-18;599.89;5.14;FLUIDE;79392
2022-12-19;644.47;7.06;FLUIDE;79392
2022-12-20;653.57;7.91;FLUIDE;79392
2022-12-21;690.32;8.04;FLUIDE;79392
2022-12-22;666.98;8.18;FLUIDE;79392
2022-12-23;677.22;7.0;FLUIDE;79392
2022-12-24;607.55;4.895;FLUIDE;79392
2022-12-25;564.02;4.37;FLUIDE;79392
2022-12-26;606.27;5.14;FLUIDE;79392
2022-12-27;625.4;5.84;FLUIDE;79392
2022-12-28;635.62;6.02;FLUIDE;79392
2022-12-29;665.24;6.54;FLUIDE;79392
2022-12-30;650.13;6.21;FLUIDE;79392
2022-12-31;638.3299999999999;5.58;FLUIDE;79392
2023-01-01;650.3199999999999;6.2;FLUIDE;79392
2023-01-02;627.81;5.29;FLUIDE;79392
2023-01-03;664.59;5.92;FLUIDE;79392
2023-01-04;641.25;6.24;FLUIDE;79392
2023-01-05;687.35;6.68;FLUIDE;79392
2023-01-06;721.15;6.63;FLUIDE;79392
2023-01-07;672.56;6.15;FLUIDE;79392
2023-01-08;685.02;5.805;FLUIDE;79392
2023-01-09;655.78;6.66;FLUIDE;79392
2023-01-10;661.25;7.11;FLUIDE;79392
2023-01-11;681.58;7.38;FLUIDE;79392
2023-01-12;692.12;7.54;FLUIDE;79392
2023-01-13;728.24;7.46;FLUIDE;79392
2023-01-14;663.19;6.41;FLUIDE;79392
2023-01-15;656.355;5.8149999999999995;FLUIDE;79392
2023-01-16;648.96;6.89;FLUIDE;79392
2023-01-17;671.13;7.58;FLUIDE;79392
2023-01-18;685.98;8.46;FLUIDE;79392
2023-01-19;692.23;7.43;FLUIDE;79392
2023-01-20;700.89;8.65;FLUIDE;79392
2023-01-21;668.7;6.78;FLUIDE;79392
2023-01-22;676.775;6.220000000000001;FLUIDE;79392
2023-01-23;661.74;6.8;FLUIDE;79392
2023-01-24;652.61;7.78;FLUIDE;79392
2023-01-25;666.3;7.76;FLUIDE;79392
2023-01-26;674.95;8.21;FLUIDE;79392
2023-01-27;711.18;7.6;FLUIDE;79392
2023-01-28;687.67;6.68;FLUIDE;79392
2023-01-29;684.97;6.24;FLUIDE;79392
2023-01-30;664.22;6.8;FLUIDE;79392
2023-01-31;678.5;7.6;FLUIDE;79392
2023-02-01;644.45;6.425;FLUIDE;79392
2023-02-02;684.58;8.01;FLUIDE;79392
2023-02-03;717.72;7.55;FLUIDE;79392
2023-02-04;676.82;6.68;FLUIDE;79392
2023-02-05;681.79;6.2;FLUIDE;79392
2023-02-06;681.05;7.34;FLUIDE;79392
2023-02-07;670.45;8.43;FLUIDE;79392
2023-02-08;654.31;8.3;FLUIDE;79392
2023-02-09;709.01;8.29;FLUIDE;79392
2023-02-10;733.78;7.69;FLUIDE;79392
2023-02-11;694.33;6.37;FLUIDE;79392
2023-02-12;712.3199999999999;6.295;FLUIDE;79392
2023-02-13;663.8;7.21;FLUIDE;79392
2023-02-14;687.23;8.32;FLUIDE;79392
2023-02-15;733.15;8.09;FLUIDE;79392
2023-02-16;701.79;8.16;FLUIDE;79392
2023-02-17;735.88;7.68;FLUIDE;79392
2023-02-18;702.99;6.42;FLUIDE;79392
2023-02-19;705.78;6.01;FLUIDE;79392
2023-02-20;652.21;6.17;FLUIDE;79392
2023-02-21;660.95;6.63;FLUIDE;79392
2023-02-22;678.07;6.81;FLUIDE;79392
2023-02-23;686.66;6.89;FLUIDE;79392
2023-02-24;702.92;7.02;FLUIDE;79392
2023-02-25;669.19;5.83;FLUIDE;79392
2023-02-26;675.11;5.505;FLUIDE;79392
2023-02-27;632.72;5.98;FLUIDE;79392
2023-02-28;638.81;6.53;FLUIDE;79392
2023-03-01;577.54;5.595000000000001;FLUIDE;79392
2023-03-02;661.97;7.24;FLUIDE;79392
2023-03-03;689.64;7.08;FLUIDE;79392
2023-03-04;673.14;6.33;FLUIDE;79392
2023-03-05;688.595;6.095000000000001;FLUIDE;79392
2023-03-06;666.45;6.83;FLUIDE;79392
2023-03-07;655.61;6.55;FLUIDE;79392
2023-03-08;665.17;9.24;FLUIDE;79392
2023-03-09;697.19;8.41;FLUIDE;79392
2023-03-10;690.25;8.57;FLUIDE;79392
2023-03-11;673.56;6.35;FLUIDE;79392
2023-03-12;690.165;5.87;FLUIDE;79392
2023-03-13;653.09;6.83;FLUIDE;79392
2023-03-14;673.55;7.95;FLUIDE;79392
2023-03-15;665.59;8.11;FLUIDE;79392
2023-03-16;694.49;8.53;FLUIDE;79392
2023-03-17;710.82;7.7;FLUIDE;79392
2023-03-18;666.24;6.16;FLUIDE;79392
2023-03-19;677.6500000000001;5.95;FLUIDE;79392
2023-03-20;656.63;6.78;FLUIDE;79392
2023-03-21;686.63;7.68;FLUIDE;79392
2023-03-22;699.48;7.91;FLUIDE;79392
2023-03-23;681.55;7.0;FLUIDE;79392
2023-03-24;683.26;7.62;FLUIDE;79392
2023-03-25;629.39;5.48;FLUIDE;79392
2023-03-26;678.975;5.74;FLUIDE;79392
2023-03-27;656.47;6.91;FLUIDE;79392
2023-03-28;651.19;6.92;FLUIDE;79392
2023-03-29;668.34;8.06;FLUIDE;79392
2023-03-30;687.63;8.64;FLUIDE;79392
2023-03-31;687.61;7.79;FLUIDE;79392
2023-04-01;678.885;6.140000000000001;FLUIDE;79392
2023-04-02;668.92;5.845;FLUIDE;79392
2023-04-03;655.0;6.93;FLUIDE;79392
2023-04-04;594.74;7.43;FLUIDE;79392
2023-04-05;659.52;8.06;FLUIDE;79392
2023-04-06;651.14;7.35;FLUIDE;79392
2023-04-07;681.73;8.12;FLUIDE;79392
2023-04-08;629.1;6.05;FLUIDE;79392
2023-04-09;643.585;5.5;FLUIDE;79392
2023-04-10;535.7;4.38;FLUIDE;79392
2023-04-11;647.99;7.36;FLUIDE;79392
2023-04-12;642.57;7.54;FLUIDE;79392
2023-04-13;631.52;7.55;FLUIDE;79392
2023-04-14;683.21;8.27;FLUIDE;79392
2023-04-15;652.52;6.42;FLUIDE;79392
2023-04-16;709.065;6.234999999999999;FLUIDE;79392
2023-04-17;658.56;6.76;FLUIDE;79392
2023-04-18;623.15;7.78;FLUIDE;79392
2023-04-19;676.35;8.22;FLUIDE;79392
2023-04-20;690.13;8.53;FLUIDE;79392
2023-04-21;709.19;6.99;FLUIDE;79392
2023-04-22;667.26;6.1;FLUIDE;79392
2023-04-23;693.605;6.074999999999999;FLUIDE;79392
2023-04-24;652.04;6.77;FLUIDE;79392
2023-04-25;661.86;7.26;FLUIDE;79392
2023-04-26;677.08;7.47;FLUIDE;79392
2023-04-27;674.8;7.95;FLUIDE;79392
2023-04-28;694.88;7.98;FLUIDE;79392
2023-04-29;654.19;6.46;FLUIDE;79392
2023-04-30;678.27;5.970000000000001;FLUIDE;79392
2023-05-01;559.785;4.405;FLUIDE;79392
2023-05-02;638.0;6.6;FLUIDE;79392
2023-05-03;653.23;7.11;FLUIDE;79392
2023-05-04;669.94;7.37;FLUIDE;79392
2023-05-05;678.27;7.4;FLUIDE;79392
2023-05-06;652.79;6.03;FLUIDE;79392
2023-05-07;658.47;5.824999999999999;FLUIDE;79392
2023-05-08;593.05;4.73;FLUIDE;79392
2023-05-09;602.15;8.1;FLUIDE;79392
2023-05-10;646.77;9.33;FLUIDE;79392
2023-05-11;701.93;8.97;FLUIDE;79392
2023-05-12;717.67;8.69;FLUIDE;79392
2023-05-13;696.66;7.02;FLUIDE;79392
2023-05-14;744.55;6.93;FLUIDE;79392
2023-05-15;660.24;7.49;FLUIDE;79392
2023-05-16;679.05;8.5;FLUIDE;79392
2023-05-17;618.37;8.91;FLUIDE;79392
2023-05-18;563.84;5.57;FLUIDE;79392
2023-05-19;657.42;6.44;FLUIDE;79392
2023-05-20;633.32;5.87;FLUIDE;79392
2023-05-21;688.385;5.93;FLUIDE;79392
2023-05-22;649.26;7.19;FLUIDE;79392
2023-05-23;666.57;8.21;FLUIDE;79392
2023-05-24;646.79;8.7;FLUIDE;79392
2023-05-25;654.38;8.81;FLUIDE;79392
2023-05-26;670.0;8.34;FLUIDE;79392
2023-05-27;675.65;6.99;FLUIDE;79392
2023-05-28;704.9449999999999;6.5600000000000005;FLUIDE;79392
2023-05-29;640.4;5.72;FLUIDE;79392
2023-05-30;661.33;8.49;FLUIDE;79392
2023-05-31;691.81;9.16;FLUIDE;79392
2023-06-01;676.015;8.31;FLUIDE;79392
2023-06-02;736.58;9.24;FLUIDE;79392
2023-06-03;706.05;7.33;FLUIDE;79392
2023-06-04;751.79;7.3100000000000005;FLUIDE;79392
2023-06-05;623.07;7.74;FLUIDE;79392
2023-06-06;650.0;9.0;FLUIDE;79392
2023-06-07;689.61;9.03;FLUIDE;79392
2023-06-08;599.84;8.92;FLUIDE;79392
2023-06-09;647.48;8.81;FLUIDE;79392
2023-06-10;700.44;6.87;FLUIDE;79392
2023-06-11;701.885;6.175;FLUIDE;79392
2023-06-12;671.95;8.15;FLUIDE;79392
2023-06-13;664.32;8.64;FLUIDE;79392
2023-06-14;704.65;8.89;FLUIDE;79392
2023-06-15;719.46;9.1;FLUIDE;79392
2023-06-16;727.83;8.87;FLUIDE;79392
2023-06-17;682.92;6.9;FLUIDE;79392
2023-06-18;704.855;6.609999999999999;FLUIDE;79392
2023-06-19;668.79;8.25;FLUIDE;79392
2023-06-20;673.5;9.23;FLUIDE;79392
2023-06-21;722.88;9.15;FLUIDE;79392
2023-06-22;708.31;10.01;FLUIDE;79392
2023-06-23;728.31;8.93;FLUIDE;79392
2023-06-24;693.6;7.04;FLUIDE;79392
2023-06-25;735.98;6.475;FLUIDE;79392
2023-06-26;675.72;8.07;FLUIDE;79392
2023-06-27;608.72;8.25;FLUIDE;79392
2023-06-28;700.56;7.63;FLUIDE;79392
2023-06-29;704.73;8.75;FLUIDE;79392
2023-06-30;711.97;8.66;FLUIDE;79392
2023-07-01;671.825;5.789999999999999;FLUIDE;79392
2023-07-02;680.875;5.66;FLUIDE;79392
2023-07-03;652.45;7.62;FLUIDE;79392
2023-07-04;617.89;8.25;FLUIDE;79392
2023-07-05;696.54;8.95;FLUIDE;79392
2023-07-06;672.51;8.61;FLUIDE;79392
2023-07-07;718.57;8.25;FLUIDE;79392
2023-07-08;673.39;6.41;FLUIDE;79392
2023-07-09;713.25;5.93;FLUIDE;79392
2023-07-10;657.36;7.49;FLUIDE;79392
2023-07-11;654.65;7.95;FLUIDE;79392
2023-07-12;684.4;8.58;FLUIDE;79392
2023-07-13;693.89;8.16;FLUIDE;79392
2023-07-14;593.03;4.78;FLUIDE;79392
2023-07-15;646.64;5.8;FLUIDE;79392
2023-07-16;671.485;5.82;FLUIDE;79392
2023-07-17;664.89;6.94;FLUIDE;79392
2023-07-18;663.58;7.29;FLUIDE;79392
2023-07-19;687.72;7.79;FLUIDE;79392
2023-07-20;616.93;7.34;FLUIDE;79392
2023-07-21;712.28;7.39;FLUIDE;79392
2023-07-22;666.1;5.79;FLUIDE;79392
2023-07-23;679.115;5.98;FLUIDE;79392
2023-07-24;637.31;6.46;FLUIDE;79392
2023-07-25;657.7;6.79;FLUIDE;79392
2023-07-26;682.77;6.72;FLUIDE;79392
2023-07-27;627.03;6.68;FLUIDE;79392
2023-07-28;650.65;6.93;FLUIDE;79392
2023-07-29;623.93;5.51;FLUIDE;79392
2023-07-30;643.575;5.154999999999999;FLUIDE;79392
2023-07-31;619.34;5.89;FLUIDE;79392
2023-08-01;528.0899999999999;4.88;FLUIDE;79392
2023-08-02;582.06;5.8;FLUIDE;79392
2023-08-03;597.81;5.81;FLUIDE;79392
2023-08-04;623.27;5.57;FLUIDE;76084
2023-08-05;572.12;4.79;FLUIDE;79392
2023-08-06;576.1;4.645;FLUIDE;79392
2023-08-07;547.27;4.49;FLUIDE;79392
2023-08-08;494.48;4.12;FLUIDE;79392
2023-08-09;570.74;4.67;FLUIDE;79392
2023-08-10;548.47;4.71;FLUIDE;79392
2023-08-11;582.1;4.9;FLUIDE;79392
2023-08-12;535.2;4.15;FLUIDE;79392
2023-08-13;574.0699999999999;4.38;FLUIDE;79392
2023-08-14;520.67;4.06;FLUIDE;79392
2023-08-15;462.42;3.41;FLUIDE;79392
2023-08-16;537.69;4.35;FLUIDE;79392
2023-08-17;543.32;4.51;FLUIDE;79392
2023-08-18;550.25;4.45;FLUIDE;79392
2023-08-19;518.49;3.96;FLUIDE;79392
2023-08-20;554.8399999999999;4.05;FLUIDE;79392
2023-08-21;550.35;4.45;FLUIDE;79392
2023-08-22;559.97;4.63;FLUIDE;79392
2023-08-23;577.52;4.78;FLUIDE;79392
2023-08-24;576.24;5.07;FLUIDE;79392
2023-08-25;615.64;5.32;FLUIDE;79392
2023-08-26;591.4;4.9;FLUIDE;79392
2023-08-27;641.325;5.155;FLUIDE;79392
2023-08-28;616.69;5.98;FLUIDE;79392
2023-08-29;638.02;6.45;FLUIDE;79392
2023-08-30;642.46;6.85;FLUIDE;79392
2023-08-31;653.98;7.71;FLUIDE;79392
2023-09-01;628.23;6.085;FLUIDE;79392
2023-09-02;654.07;5.84;FLUIDE;79392
2023-09-03;683.7950000000001;5.71;FLUIDE;79392
2023-09-04;646.0;6.15;FLUIDE;79392
2023-09-05;659.84;7.58;FLUIDE;79392
2023-09-06;664.83;8.01;FLUIDE;79392
2023-09-07;643.9;8.42;FLUIDE;79392
2023-09-08;682.69;8.27;FLUIDE;79392
2023-09-09;670.32;6.53;FLUIDE;79392
2023-09-10;720.675;6.63;FLUIDE;79392
2023-09-11;646.05;7.41;FLUIDE;79392
2023-09-12;630.92;8.4;FLUIDE;79392
2023-09-13;647.07;7.87;FLUIDE;79392
2023-09-14;697.87;8.44;FLUIDE;79392
2023-09-15;707.41;8.14;FLUIDE;79392
2023-09-16;696.61;6.84;FLUIDE;79392
2023-09-17;676.375;6.025;FLUIDE;79392
2023-09-18;640.79;7.41;FLUIDE;79392
2023-09-19;664.87;8.29;FLUIDE;79392
2023-09-20;688.23;8.59;FLUIDE;79392
2023-09-21;656.4;9.39;FLUIDE;79392
2023-09-22;709.24;8.95;FLUIDE;79392
2023-09-23;683.48;6.84;FLUIDE;79392
2023-09-24;720.5899999999999;6.68;FLUIDE;79392
2023-09-25;650.76;6.42;FLUIDE;79392
2023-09-26;691.39;8.29;FLUIDE;79392
2023-09-27;703.19;8.63;FLUIDE;79392
2023-09-28;709.85;8.8;FLUIDE;79392
2023-09-29;697.87;8.7;FLUIDE;79392
2023-09-30;736.54;7.32;FLUIDE;79392
2023-10-01;737.875;6.945;FLUIDE;79392
2023-10-02;685.46;7.84;FLUIDE;79392
2023-10-03;673.34;8.45;FLUIDE;79392
2023-10-04;697.12;8.15;FLUIDE;79392
2023-10-05;680.26;8.11;FLUIDE;79392
2023-10-06;695.12;8.47;FLUIDE;79392
2023-10-07;618.74;6.84;FLUIDE;79392
2023-10-08;717.36;6.575;FLUIDE;79392
2023-10-09;629.37;7.11;FLUIDE;79392
2023-10-10;674.18;8.12;FLUIDE;79392
2023-10-11;683.34;8.22;FLUIDE;79392
2023-10-12;663.4;8.3;FLUIDE;79392
2023-10-13;701.95;8.32;FLUIDE;79392
2023-10-14;691.36;7.11;FLUIDE;79392
2023-10-15;712.825;7.029999999999999;FLUIDE;79392
2023-10-16;662.56;7.39;FLUIDE;79392
2023-10-17;671.56;8.49;FLUIDE;79392
2023-10-18;664.49;8.57;FLUIDE;79392
2023-10-19;713.22;9.12;FLUIDE;79392
2023-10-20;708.56;8.61;FLUIDE;79392
2023-10-21;683.87;7.28;FLUIDE;79392
2023-10-22;687.885;6.375;FLUIDE;79392
2023-10-23;640.77;7.79;FLUIDE;79374
2023-10-24;656.14;8.25;FLUIDE;79320
2023-10-25;644.11;8.5;FLUIDE;79320
2023-10-26;665.22;8.21;FLUIDE;79320
2023-10-27;698.28;8.58;FLUIDE;79320
2023-10-28;659.84;7.01;FLUIDE;79320
2023-10-29;650.9000000000001;6.015000000000001;FLUIDE;79320
2023-10-30;623.75;7.17;FLUIDE;79320
2023-10-31;654.58;7.99;FLUIDE;79320
2023-11-01;643.435;5.775;FLUIDE;79320
2023-11-02;623.72;7.39;FLUIDE;79320
2023-11-03;695.19;8.15;FLUIDE;79320
2023-11-04;652.43;6.83;FLUIDE;79320
2023-11-05;664.3050000000001;5.885;FLUIDE;79320
2023-11-06;637.82;7.42;FLUIDE;79320
2023-11-07;678.48;7.79;FLUIDE;79320
2023-11-08;680.36;8.19;FLUIDE;79320
2023-11-09;681.98;9.01;FLUIDE;79320
2023-11-10;702.15;9.23;FLUIDE;79320
2023-11-11;665.21;6.56;FLUIDE;79320
2023-11-12;675.2;6.4399999999999995;FLUIDE;79320
2023-11-13;635.86;7.79;FLUIDE;79320
2023-11-14;670.46;8.47;FLUIDE;79320
2023-11-15;655.69;8.15;FLUIDE;79320
2023-11-16;648.32;9.25;FLUIDE;79320
2023-11-17;708.16;8.6;FLUIDE;79320
2023-11-18;665.22;7.07;FLUIDE;79320
2023-11-19;693.6500000000001;6.6850000000000005;FLUIDE;79320
2023-11-20;622.33;7.14;FLUIDE;79320
2023-11-21;648.4;8.44;FLUIDE;79320
2023-11-22;661.27;8.54;FLUIDE;79320
2023-11-23;708.49;8.12;FLUIDE;79320
2023-11-24;726.06;8.75;FLUIDE;79320
2023-11-25;695.08;7.24;FLUIDE;79320
2023-11-26;702.915;6.76;FLUIDE;79320
2023-11-27;629.66;7.52;FLUIDE;79320
2023-11-28;635.67;8.07;FLUIDE;79320
2023-11-29;681.71;8.52;FLUIDE;79320
2023-11-30;676.82;8.62;FLUIDE;79320
2023-12-01;710.2066666666666;7.609999999999999;FLUIDE;155335
2023-12-02;683.55;7.8;FLUIDE;158640
2023-12-03;695.4699999999999;6.916666666666667;FLUIDE;158640
2023-12-04;627.5;7.41;FLUIDE;158640
2023-12-05;651.95;8.27;FLUIDE;158640
2023-12-06;682.27;8.48;FLUIDE;158640
2023-12-07;660.56;9.05;FLUIDE;158640
2023-12-08;690.7866666666667;7.686666666666667;FLUIDE;158640
2023-12-09;672.03;7.75;FLUIDE;158640
2023-12-10;699.61;7.19;FLUIDE;158640
2023-12-11;655.98;7.33;FLUIDE;158640
2023-12-12;632.48;8.77;FLUIDE;158640
2023-12-13;609.66;8.42;FLUIDE;158640
2023-12-14;665.34;9.15;FLUIDE;158640
2023-12-15;710.5666666666666;7.88;FLUIDE;158640
2023-12-16;695.45;7.52;FLUIDE;158640
2023-12-17;694.0500000000001;7.163333333333334;FLUIDE;158640
2023-12-18;630.68;7.37;FLUIDE;158640
2023-12-19;659.14;7.74;FLUIDE;158640
2023-12-20;748.71;9.17;FLUIDE;158640
2023-12-21;695.63;9.09;FLUIDE;158640
2023-12-22;674.4733333333334;7.5;FLUIDE;158640
2023-12-23;653.34;6.48;FLUIDE;158640
2023-12-24;598.8733333333333;5.21;FLUIDE;158640
2023-12-25;531.1;4.31;FLUIDE;158640
2023-12-26;580.92;5.64;FLUIDE;158640
2023-12-27;613.8;6.22;FLUIDE;158640
2023-12-28;630.07;6.5;FLUIDE;158640
2023-12-29;626.8466666666667;5.95;FLUIDE;158640
2023-12-30;617.96;6.1;FLUIDE;158640
2023-12-31;611.5933333333334;5.933333333333334;FLUIDE;158640
2024-01-01;646.96;7.25;FLUIDE;6610
